datetime,forecast_demand_smooth,forecast_demand_simulated
2025-01-01 01:00:00,7097.114392084453,7254.532572736214
2025-01-01 02:00:00,6938.677834783737,7194.855078861606
2025-01-01 03:00:00,6852.72035225097,6986.00589422257
2025-01-01 04:00:00,6888.288395806881,6425.270207921612
2025-01-01 05:00:00,6931.614697842733,6094.64784725136
2025-01-01 06:00:00,6790.068256813975,5893.666081190557
2025-01-01 07:00:00,6573.085290473086,5932.135116166748
2025-01-01 08:00:00,6131.245108683858,6212.5621535684395
2025-01-01 09:00:00,5732.111584039645,6354.941340811177
2025-01-01 10:00:00,5508.003205871651,5952.84901852457
2025-01-01 11:00:00,5443.9853729627375,5858.239488840782
2025-01-01 12:00:00,5605.423786256359,5918.316995307231
2025-01-01 13:00:00,5853.694127990784,5830.169922267999
2025-01-01 14:00:00,6387.057755861419,5525.203631061612
2025-01-01 15:00:00,7231.095241090256,5774.407819679679
2025-01-01 16:00:00,8128.218841020021,6636.758822082988
2025-01-01 17:00:00,8621.500641245935,7107.7271469140105
2025-01-01 18:00:00,8765.384129553897,7427.327177015995
2025-01-01 19:00:00,8614.893197871079,7250.384379388571
2025-01-01 20:00:00,8283.275112814159,7134.731964212743
2025-01-01 21:00:00,7975.1503983298035,7347.908617170574
2025-01-01 22:00:00,7648.093549246896,7372.650091889781
2025-01-01 23:00:00,7278.751383398334,7375.935288745758
2025-01-02 00:00:00,6937.531446396366,7192.073739136732
2025-01-02 01:00:00,6601.100461843235,7313.926406104482
2025-01-02 02:00:00,6416.1531181762775,7300.700185586338
2025-01-02 03:00:00,6348.697002378198,7530.009394357522
2025-01-02 04:00:00,6430.129784443941,7627.183523573028
2025-01-02 05:00:00,6530.599534564737,7498.080647882917
2025-01-02 06:00:00,6447.827423800398,6700.001837209289
2025-01-02 07:00:00,6263.434574271865,6114.681007710772
2025-01-02 08:00:00,5847.751998460326,5810.799689623741
2025-01-02 09:00:00,5476.020096364438,5866.26850598326
2025-01-02 10:00:00,5296.74182994436,5784.678919475328
2025-01-02 11:00:00,5276.19869697694,6214.987323903223
2025-01-02 12:00:00,5445.577957731891,6804.775229319213
2025-01-02 13:00:00,5707.731676008882,7680.261429456736
2025-01-02 14:00:00,6257.5543671331,8511.048058633538
2025-01-02 15:00:00,7119.677762507569,8787.458456900189
2025-01-02 16:00:00,8046.2032174958895,8787.63464906872
2025-01-02 17:00:00,8608.866320694393,8855.838790636893
2025-01-02 18:00:00,8760.399830319358,9166.964993127334
2025-01-02 19:00:00,8612.080618237433,9372.401942625493
2025-01-02 20:00:00,8279.425064174873,9217.148490163645
2025-01-02 21:00:00,7956.538056833803,8676.76908306332
2025-01-02 22:00:00,7617.298850111375,8200.558431211728
2025-01-02 23:00:00,7241.699882609972,8315.5485666009
2025-01-03 00:00:00,6883.459300916496,8047.555735284197
2025-01-03 01:00:00,6537.6465422038145,7664.161061019401
2025-01-03 02:00:00,6352.910987206849,7591.43583682858
2025-01-03 03:00:00,6287.819967008259,7454.11320290589
2025-01-03 04:00:00,6374.784483921896,7937.6171998391765
2025-01-03 05:00:00,6482.345714793222,8047.909563589669
2025-01-03 06:00:00,6407.080357640254,7364.270907855193
2025-01-03 07:00:00,6221.5799292502525,6850.669976380437
2025-01-03 08:00:00,5803.9315334552475,6815.7878734297965
2025-01-03 09:00:00,5432.148138219668,6765.378045510401
2025-01-03 10:00:00,5260.492576140305,6457.910433287902
2025-01-03 11:00:00,5248.3240738280665,6194.002834348346
2025-01-03 12:00:00,5414.238477676219,6395.896009429239
2025-01-03 13:00:00,5676.059066318656,6578.534368832965
2025-01-03 14:00:00,6227.185185176486,7043.9049504392715
2025-01-03 15:00:00,7091.7515505748,8231.168527943319
2025-01-03 16:00:00,8025.412769707331,9017.580688818447
2025-01-03 17:00:00,8610.480278538333,9393.204016033638
2025-01-03 18:00:00,8762.670262695596,9754.798185803254
2025-01-03 19:00:00,8613.55764394827,10224.296705777202
2025-01-03 20:00:00,8279.350529094307,10835.114117876927
2025-01-03 21:00:00,7950.161936108955,10707.46287366411
2025-01-03 22:00:00,7605.769231103527,10314.091576780544
2025-01-03 23:00:00,7227.357639451454,9637.703960884455
2025-01-04 00:00:00,6862.518778327176,8830.305434710777
2025-01-04 01:00:00,6512.987987430499,8169.172421237879
2025-01-04 02:00:00,6328.013523098576,7896.310453765559
2025-01-04 03:00:00,6263.468388412326,8128.245663401849
2025-01-04 04:00:00,6352.098374312229,8057.039549444261
2025-01-04 05:00:00,6461.930677208156,8085.095121245602
2025-01-04 06:00:00,6389.2423332163235,7615.151236397273
2025-01-04 07:00:00,6203.291592860766,7575.801873947659
2025-01-04 08:00:00,5785.052770989304,7106.273760619091
2025-01-04 09:00:00,5413.3699277812575,6696.870354637715
2025-01-04 10:00:00,5244.499605216815,6303.811007695457
2025-01-04 11:00:00,5235.3073156934015,6181.343954254284
2025-01-04 12:00:00,5399.799344322826,6764.5350857489875
2025-01-04 13:00:00,5661.287267153146,7493.857918429321
2025-01-04 14:00:00,6212.50607294951,8411.031957517589
2025-01-04 15:00:00,7077.393432436282,9730.62134832725
2025-01-04 16:00:00,8013.04430921104,10541.735122460184
2025-01-04 17:00:00,8605.869276048135,10641.761964100146
2025-01-04 18:00:00,8758.185062406272,10430.43514286283
2025-01-04 19:00:00,8608.860394064352,10054.947272338715
2025-01-04 20:00:00,8274.282539742393,9615.063251113159
2025-01-04 21:00:00,7942.9964029281655,9834.37069054367
2025-01-04 22:00:00,7596.93456796513,9512.01051313908
2025-01-04 23:00:00,7217.7269354414,8841.630937796685
2025-01-05 00:00:00,6850.709368220439,8078.584959630979
2025-01-05 01:00:00,6500.038063045211,7242.504476773302
2025-01-05 02:00:00,6315.08675546749,7107.705732867456
2025-01-05 03:00:00,6250.7764587685815,7679.0608130860555
2025-01-05 04:00:00,6339.954315559754,8098.862804778225
2025-01-05 05:00:00,6450.541960287791,8113.425659514113
2025-01-05 06:00:00,6378.8329634595175,8121.4015139039
2025-01-05 07:00:00,6192.831648748175,8073.591123220371
2025-01-05 08:00:00,5774.634709922326,7813.09646684859
2025-01-05 09:00:00,5403.216364491431,7633.307180190108
2025-01-05 10:00:00,5235.461294943114,6900.887939250251
2025-01-05 11:00:00,5227.355428488417,6527.895827221469
2025-01-05 12:00:00,5391.228712622482,6778.732553430361
2025-01-05 13:00:00,5652.434197630198,6972.118852712506
2025-01-05 14:00:00,6203.346714675916,7274.5657722234255
2025-01-05 15:00:00,7067.817573459066,7793.962607512822
2025-01-05 16:00:00,8003.61474366157,8849.370154138414
2025-01-05 17:00:00,8598.893063919051,9289.767530536346
2025-01-05 18:00:00,8751.160550621273,9330.583765128325
2025-01-05 19:00:00,8601.850679161433,9376.056448818468
2025-01-05 20:00:00,8267.344112232842,9384.302266864113
2025-01-05 21:00:00,7935.499797017778,9165.62793089173
2025-01-05 22:00:00,7589.0445740394225,8144.338108405705
2025-01-05 23:00:00,7209.781236977968,7474.01939870093
2025-01-06 00:00:00,6842.198056023846,7534.454511265779
2025-01-06 01:00:00,6491.328318331526,7713.325540254503
2025-01-06 02:00:00,6306.499329215763,7411.68245890659
2025-01-06 03:00:00,6242.313952825689,7528.936150904343
2025-01-06 04:00:00,6331.635922376676,8252.34256580237
2025-01-06 05:00:00,6442.4298821141765,8143.750918185948
2025-01-06 06:00:00,6371.1209051521055,8181.462261642713
2025-01-06 07:00:00,6185.215787552295,8068.8347768186095
2025-01-06 08:00:00,5767.291690465716,7056.148854909626
2025-01-06 09:00:00,5396.19826062679,6144.430147515777
2025-01-06 10:00:00,5228.951773602346,5901.856445560163
2025-01-06 11:00:00,5221.245661784615,5651.513275874814
2025-01-06 12:00:00,5384.793155235925,5460.17070029513
2025-01-06 13:00:00,5645.735089845691,4959.172210676624
2025-01-06 14:00:00,6196.19691376634,5409.978566838984
2025-01-06 15:00:00,7059.983862212045,6226.472125999686
2025-01-06 16:00:00,7995.257680588756,7077.094029112583
2025-01-06 17:00:00,8591.060732675416,7938.941680202645
2025-01-06 18:00:00,8743.216861465502,8711.526352748553
2025-01-06 19:00:00,8594.004349162646,8865.396582224093
2025-01-06 20:00:00,8259.729760541864,8825.51150423547
2025-01-06 21:00:00,7927.88705834221,8837.103686061295
2025-01-06 22:00:00,7581.502328675276,8177.482425358253
2025-01-06 23:00:00,7202.4523989368245,7780.990136926192
2025-01-07 00:00:00,6834.890146952974,7960.731078781466
2025-01-07 01:00:00,6484.164462372593,7944.73899001549
2025-01-07 02:00:00,6299.4937848230375,7526.365346976297
2025-01-07 03:00:00,6235.393341772124,7784.979207468616
2025-01-07 04:00:00,6324.712648825262,7853.930587193194
2025-01-07 05:00:00,6435.5133201467215,8208.81215789166
2025-01-07 06:00:00,6364.393626565261,8333.351338888797
2025-01-07 07:00:00,6178.637992139467,8348.34293660098
2025-01-07 08:00:00,5761.0705022130205,8244.984925585532
2025-01-07 09:00:00,5390.323750829146,7512.273686027463
2025-01-07 10:00:00,5223.365098325763,6983.678458719808
2025-01-07 11:00:00,5215.808990429594,6679.83241762216
2025-01-07 12:00:00,5379.137348065704,6928.508786336651
2025-01-07 13:00:00,5639.822761943821,7002.09471993276
2025-01-07 14:00:00,6189.78170253104,7022.0331702131525
2025-01-07 15:00:00,7052.787997764784,7810.58351702033
2025-01-07 16:00:00,7987.295463959139,8755.912786221537
2025-01-07 17:00:00,8582.922134389679,9646.304704984892
2025-01-07 18:00:00,8734.944062370543,10286.523068799177
2025-01-07 19:00:00,8585.858850757384,10928.378593510013
2025-01-07 20:00:00,8251.874487964265,10902.366089996522
2025-01-07 21:00:00,7920.236806888846,10947.851021047332
2025-01-07 22:00:00,7574.091085748081,10098.987293750919
2025-01-07 23:00:00,7195.352218106792,8879.178106269208
2025-01-08 00:00:00,6828.024011365251,7977.9368450198235
2025-01-08 01:00:00,6477.566738606387,7323.546722551951
2025-01-08 02:00:00,6293.0673540415955,7033.4678761937
2025-01-08 03:00:00,6229.037262449181,6426.007342756098
2025-01-08 04:00:00,6318.300575989815,5985.257660622474
2025-01-08 05:00:00,6429.035426195967,5638.805095492516
2025-01-08 06:00:00,6358.028325430827,5377.198008002532
2025-01-08 07:00:00,6172.441444468009,5215.144595204703
2025-01-08 08:00:00,5755.260779477075,4103.454741261352
2025-01-08 09:00:00,5384.868400907228,3292.6916017827243
2025-01-08 10:00:00,5218.117193735154,3606.251528630404
2025-01-08 11:00:00,5210.62024692046,4306.549631636993
2025-01-08 12:00:00,5373.768358359044,5228.6737341908565
2025-01-08 13:00:00,5634.199963907042,5924.173994433046
2025-01-08 14:00:00,6183.637366942685,6386.419750768566
2025-01-08 15:00:00,7045.828337016246,7152.179139045959
2025-01-08 16:00:00,7979.4816255211645,8189.698410944009
2025-01-08 17:00:00,8574.677263382848,9153.096107636668
2025-01-08 18:00:00,8726.556772952526,10297.246271252354
2025-01-08 19:00:00,8577.609663299838,11359.96074349172
2025-01-08 20:00:00,8243.936512615775,11409.826463155843
2025-01-08 21:00:00,7912.577637607444,11414.771549298726
2025-01-08 22:00:00,7566.732010164809,10551.210861570251
2025-01-08 23:00:00,7188.339497249544,9805.095108914447
2025-01-09 00:00:00,6821.322630408541,8941.717552828059
2025-01-09 01:00:00,6471.178791629465,8815.105847333765
2025-01-09 02:00:00,6286.855311509558,8781.547640451397
2025-01-09 03:00:00,6222.890229503033,9061.99439309536
2025-01-09 04:00:00,6312.078205443235,9216.337898244365
2025-01-09 05:00:00,6422.720919293975,8829.795157865661
2025-01-09 06:00:00,6351.798475371443,7898.398060240965
2025-01-09 07:00:00,6166.387246045086,7055.6854834926025
2025-01-09 08:00:00,5749.604147743281,6857.6752606838145
2025-01-09 09:00:00,5379.568719528506,6402.163825730943
2025-01-09 10:00:00,5212.995619330049,6467.536280737287
2025-01-09 11:00:00,5205.524788107952,6837.2803834457245
2025-01-09 12:00:00,5368.50689548963,7254.506773223588
2025-01-09 13:00:00,5628.685834658851,7148.354599295442
2025-01-09 14:00:00,6177.595243165222,7239.474273053855
2025-01-09 15:00:00,7038.958791820787,7268.18880482505
2025-01-09 16:00:00,7971.726516209568,8050.150864764688
2025-01-09 17:00:00,8566.398856000438,8719.181297278996
2025-01-09 18:00:00,8718.133048914384,9211.054723438001
2025-01-09 19:00:00,8569.327880939098,9637.507274677602
2025-01-09 20:00:00,8235.973376303755,9653.839301127098
2025-01-09 21:00:00,7904.9199464135145,9531.118190214054
2025-01-09 22:00:00,7559.396423962515,8871.002726972525
2025-01-09 23:00:00,7181.362876478499,8338.175692048242
2025-01-10 00:00:00,6814.685243851392,8134.77717361097
2025-01-10 01:00:00,6464.871005401859,8194.048839571768
2025-01-10 02:00:00,6280.7249969990335,8294.30255974035
2025-01-10 03:00:00,6216.822943482955,8253.05329784665
2025-01-10 04:00:00,6305.928599284761,8536.196193005677
2025-01-10 05:00:00,6416.469671523511,8800.848831163938
2025-01-10 06:00:00,6345.6216813550955,8315.698903592813
2025-01-10 07:00:00,6160.388502003061,7881.307163917119
2025-01-10 08:00:00,5744.006628634958,7476.053326270773
2025-01-10 09:00:00,5374.328867458751,6888.502969920447
2025-01-10 10:00:00,5207.9231039982815,6611.802471887627
2025-01-10 11:00:00,5200.466364729936,6227.322056295017
2025-01-10 12:00:00,5363.28774540826,6121.920463663516
2025-01-10 13:00:00,5623.214588800683,6056.7948263708295
2025-01-10 14:00:00,6171.593981819088,6078.7472307028875
2025-01-10 15:00:00,7032.126223449971,6934.456590079496
2025-01-10 16:00:00,7963.9975245771075,8333.43126341152
2025-01-10 17:00:00,8558.113362693042,9138.870504064598
2025-01-10 18:00:00,8709.701275356514,9639.769329268025
2025-01-10 19:00:00,8561.039356829999,9836.525878234996
2025-01-10 20:00:00,8228.006003166374,9533.673944591446
2025-01-10 21:00:00,7897.267509901133,9608.655125538042
2025-01-10 22:00:00,7552.073892123448,8929.506516311023
2025-01-10 23:00:00,7174.403671206179,8221.956862642306
2025-01-11 00:00:00,6808.075199601258,7729.301067775519
2025-01-11 01:00:00,6458.596232701625,7412.4614347456
2025-01-11 02:00:00,6274.628156173374,7758.359710455129
2025-01-11 03:00:00,6210.788372459103,8009.069414549544
2025-01-11 04:00:00,6299.809221631818,8301.072210825172
2025-01-11 05:00:00,6410.245261005252,8773.716095080244
2025-01-11 06:00:00,6339.467971285128,8996.654918652777
2025-01-11 07:00:00,6154.413603688245,9176.604694631918
2025-01-11 08:00:00,5738.434037350589,9309.934227886219
2025-01-11 09:00:00,5369.113983285769,9046.877438983041
2025-01-11 10:00:00,5202.871539954964,8685.348042892958
2025-01-11 11:00:00,5195.424514998077,8414.9977293603
2025-01-11 12:00:00,5358.087185592088,8803.525090754156
2025-01-11 13:00:00,5617.7622958502125,9259.61810408196
2025-01-11 14:00:00,6165.611265557814,9462.854249136017
2025-01-11 15:00:00,7025.311300408382,10220.335946192907
2025-01-11 16:00:00,7956.282784698876,11045.781486439517
2025-01-11 17:00:00,8549.830398974798,10829.704521981945
2025-01-11 18:00:00,8701.271771369307,10817.237436866832
2025-01-11 19:00:00,8552.753489238698,10765.92570171368
2025-01-11 20:00:00,8220.041998898047,10090.644954900077
2025-01-11 21:00:00,7889.6216971124595,9508.978312816296
2025-01-11 22:00:00,7544.7606148926825,8584.128880363865
2025-01-11 23:00:00,7167.455081392025,7640.918983541534
2025-01-12 00:00:00,6801.479162752634,7192.810670751692
2025-01-12 01:00:00,6452.337321574375,7086.7732799049445
2025-01-12 02:00:00,6268.547234508779,7054.488388603628
2025-01-12 03:00:00,6204.769406554033,7274.263414138536
2025-01-12 04:00:00,6293.704597841743,7150.534865125521
2025-01-12 05:00:00,6404.034436796107,7340.5798974401305
2025-01-12 06:00:00,6333.32644015131,7578.928008135811
2025-01-12 07:00:00,6148.45105095474,7807.048515760237
2025-01-12 08:00:00,5732.873936997554,7819.630839321752
2025-01-12 09:00:00,5363.9113842361,6979.563200244865
2025-01-12 10:00:00,5197.830700927991,5666.890830651411
2025-01-12 11:00:00,5190.391793619152,4978.425054869057
2025-01-12 12:00:00,5352.8965846711,5303.268478979608
2025-01-12 13:00:00,5612.3202486489745,6026.686411179598
2025-01-12 14:00:00,6159.638973630115,6194.925849590433
2025-01-12 15:00:00,7018.506987450639,7049.110203699802
2025-01-12 16:00:00,7948.577976141751,8310.147795194953
2025-01-12 17:00:00,8541.55345722164,8934.810390538663
2025-01-12 18:00:00,8692.848285143356,9724.403445261889
2025-01-12 19:00:00,8544.473691522777,9746.10588503464
2025-01-12 20:00:00,8212.084125060974,9169.612090187322
2025-01-12 21:00:00,7881.983001427894,8415.227992055161
2025-01-12 22:00:00,7537.455205873633,7521.459446962252
2025-01-12 23:00:00,7160.514629604473,6854.310257628928
2025-01-13 00:00:00,6794.892279247857,6660.436966755451
2025-01-13 01:00:00,6446.088029840966,6513.350960471622
2025-01-13 02:00:00,6262.475843511286,6963.06349336477
2025-01-13 03:00:00,6198.759819035851,7425.582108626901
2025-01-13 04:00:00,6287.609095892969,8090.722073624502
2025-01-13 05:00:00,6397.832375606773,8888.725660150067
2025-01-13 06:00:00,6327.193117959552,9476.352809995262
2025-01-13 07:00:00,6142.496657454762,9586.447440254373
2025-01-13 08:00:00,5727.321800758231,9090.380583672142
2025-01-13 09:00:00,5358.716454274604,8489.258699349459
2025-01-13 10:00:00,5192.7968644481725,8027.306453378302
2025-01-13 11:00:00,5185.3654896159815,7719.086971820291
2025-01-13 12:00:00,5347.71280017852,8437.47951082282
2025-01-13 13:00:00,5606.885277014659,9316.262457333
2025-01-13 14:00:00,6153.674148823084,9609.696682283648
2025-01-13 15:00:00,7011.710721683464,10181.66992283044
2025-01-13 16:00:00,7940.881522896397,10827.480284242882
2025-01-13 17:00:00,8533.28380272833,11282.023885344383
2025-01-13 18:00:00,8684.432174929923,11571.499459172484
2025-01-13 19:00:00,8536.201200235042,10589.786092643557
2025-01-13 20:00:00,8204.133381331498,9934.591232381383
2025-01-13 21:00:00,7874.351597739691,9199.613642686825
2025-01-13 22:00:00,7530.157156452029,8197.605403854168
2025-01-13 23:00:00,7153.581410619903,7650.783434191376
2025-01-14 00:00:00,6788.312779656793,7110.84808623295
2025-01-14 01:00:00,6439.846083390394,6917.895159359387
2025-01-14 02:00:00,6256.411655958969,6832.180139025757
2025-01-14 03:00:00,6192.757341555001,7124.276505891607
2025-01-14 04:00:00,6281.5206636904695,7504.778803515612
2025-01-14 05:00:00,6391.637319427689,7949.703977098626
2025-01-14 06:00:00,6321.0665570986375,7873.2241106186775
2025-01-14 07:00:00,6136.548896992506,7962.97150218875
2025-01-14 08:00:00,5721.7759788424455,7824.812543899219
2025-01-14 09:00:00,5353.527511374398,7717.981219627575
2025-01-14 10:00:00,5187.768673589198,7218.313756462296
2025-01-14 11:00:00,5180.344613962816,6625.315544974354
2025-01-14 12:00:00,5342.534686054857,6957.12338416818
2025-01-14 13:00:00,5601.456224657291,7245.306268496606
2025-01-14 14:00:00,6147.715711990998,7435.256632584982
2025-01-14 15:00:00,7004.921566885443,8063.219705818552
2025-01-14 16:00:00,7933.192847149947,8980.265954704464
2025-01-14 17:00:00,8525.021890768381,9811.985595435493
2025-01-14 18:00:00,8676.023929724914,10550.224658072146
2025-01-14 19:00:00,8527.93646019339,10688.988614824444
2025-01-14 20:00:00,8196.190126563697,10443.663879186686
2025-01-14 21:00:00,7866.727545105126,10245.544432235662
2025-01-14 22:00:00,7522.866277281648,9268.274698613843
2025-01-14 23:00:00,7146.655091056529,7890.391061435963
2025-01-15 00:00:00,6781.740016482792,7138.529468491777
2025-01-15 01:00:00,6433.610651366813,6797.8807607087665
2025-01-15 02:00:00,6250.353821784756,6934.80709039612
2025-01-15 03:00:00,6186.761145494077,7674.2096314605005
2025-01-15 04:00:00,6275.438551220834,8036.849323464473
2025-01-15 05:00:00,6385.44862514548,7459.401828970436
2025-01-15 06:00:00,6314.94622739298,7342.982823055367
2025-01-15 07:00:00,6130.607210916594,7807.985361152914
2025-01-15 08:00:00,5716.235867885389,7420.130193717124
2025-01-15 09:00:00,5348.343940658622,6669.012826678798
2025-01-15 10:00:00,5182.7456318144905,5996.598986069058
2025-01-15 11:00:00,5175.328803938851,5405.683657786285
2025-01-15 12:00:00,5337.361822369756,5601.915152169445
2025-01-15 13:00:00,5596.032667775786,6205.606364881576
2025-01-15 14:00:00,6141.763267075488,6436.8688585811415
2025-01-15 15:00:00,6998.13917848639,7105.399781830831
2025-01-15 16:00:00,7925.511734154454,7568.902474114022
2025-01-15 17:00:00,8516.76788200207,8122.092059536496
2025-01-15 18:00:00,8667.623722366661,8805.533429826995
2025-01-15 19:00:00,8519.67962825353,8732.086878064865
2025-01-15 20:00:00,8188.254486538679,8581.865470275467
2025-01-15 21:00:00,7859.11086045482,8363.131020635885
2025-01-15 22:00:00,7515.582495143535,8031.514197700772
2025-01-15 23:00:00,7139.735545524871,7624.463653385873
2025-01-16 00:00:00,6775.1737502986725,6976.649929521167
2025-01-16 01:00:00,6427.381427853618,6491.007420169836
2025-01-16 02:00:00,6244.302028190586,6255.1235369248525
2025-01-16 03:00:00,6180.770925893388,6742.220006202683
2025-01-16 04:00:00,6269.362482062652,6987.334224287217
2025-01-16 05:00:00,6379.266055156415,7141.509903869654
2025-01-16 06:00:00,6308.831932356952,7449.152818121847
2025-01-16 07:00:00,6124.671392490891,7292.424880951947
2025-01-16 08:00:00,5710.701245127553,6547.817408787522
2025-01-16 09:00:00,5343.165515393401,5968.460593023966
2025-01-16 10:00:00,5177.727555528245,5762.408175487855
2025-01-16 11:00:00,5170.317924623565,5465.534306843552
2025-01-16 12:00:00,5332.194053300933,5396.216785991317
2025-01-16 13:00:00,5590.614448990414,6095.686936287671
2025-01-16 14:00:00,6135.816666471705,6824.83473340021
2025-01-16 15:00:00,6991.363427113288,7926.743267804404
2025-01-16 16:00:00,7917.838101219064,8660.61351970974
2025-01-16 17:00:00,8508.521829938749,9637.790632847924
2025-01-16 18:00:00,8659.231610706642,10311.63949148183
2025-01-16 19:00:00,8511.430756539357,10528.286405397346
2025-01-16 20:00:00,8180.3265022696705,10776.06494986464
2025-01-16 21:00:00,7851.5015454016375,10452.80190105025
2025-01-16 22:00:00,7508.305779060347,9540.785637725901
2025-01-16 23:00:00,7132.822724289663,8628.417668116923
2025-01-17 00:00:00,6768.613890102614,8230.832743389725
2025-01-17 01:00:00,6421.1582978668275,7982.969366395309
2025-01-17 02:00:00,6238.256157795451,7512.17881429641
2025-01-17 03:00:00,6174.786568259609,7615.9228462417395
2025-01-17 04:00:00,6263.292352051202,7911.384561462732
2025-01-17 05:00:00,6373.0895193508395,8486.929447931174
2025-01-17 06:00:00,6302.723596876964,8659.708288056
2025-01-17 07:00:00,6118.741362980035,8774.8859043514
2025-01-17 08:00:00,5705.172026245023,8660.691367613466
2025-01-17 09:00:00,5337.992150021832,8907.98351784311
2025-01-17 10:00:00,5172.714374959263,8958.143598847104
2025-01-17 11:00:00,5165.311923954048,8896.828061477403
2025-01-17 12:00:00,5327.03131908955,9221.358991193549
2025-01-17 13:00:00,5585.201507826418,9762.848774189544
2025-01-17 14:00:00,6129.875852944869,9541.13056190919
2025-01-17 15:00:00,6984.594261667801,9252.25313925425
2025-01-17 16:00:00,7910.171913688711,9637.791972601712
2025-01-17 17:00:00,8500.283749119997,10448.839504995838
2025-01-17 18:00:00,8650.847610778577,11013.62729167442
2025-01-17 19:00:00,8503.189859086855,11178.638269341776
2025-01-17 20:00:00,8172.406183943006,11021.698380903976
2025-01-17 21:00:00,7843.89959599152,10613.504489345853
2025-01-17 22:00:00,7501.036113422907,9766.833715637924
2025-01-17 23:00:00,7125.916605136321,8852.7997473592
2025-01-18 00:00:00,6762.0603988813455,8484.348559907394
2025-01-18 01:00:00,6414.941215871408,8557.805003780744
2025-01-18 02:00:00,6232.216164298261,8910.763083822154
2025-01-18 03:00:00,6168.808027378656,9263.037143191741
2025-01-18 04:00:00,6257.228119677902,8922.421642063051
2025-01-18 05:00:00,6366.918981268731,8446.998032525828
2025-01-18 06:00:00,6296.621189987996,8075.31813280827
2025-01-18 07:00:00,6112.8170902081065,7620.281341653999
2025-01-18 08:00:00,5699.648177268403,7015.280588675376
2025-01-18 09:00:00,5332.82381033841,6571.9338941568585
2025-01-18 10:00:00,5167.706061739142,6707.458498022965
2025-01-18 11:00:00,5160.31078000697,6752.56195727401
2025-01-18 12:00:00,5321.873594919614,7605.60836850128
2025-01-18 13:00:00,5579.793819058109,7733.76447552321
2025-01-18 14:00:00,6123.94080213273,7525.227751403738
2025-01-18 15:00:00,6977.8316595253,7715.869396255164
2025-01-18 16:00:00,7902.513154384174,8025.577758895584
2025-01-18 17:00:00,8492.053639918951,8265.576063541803
2025-01-18 18:00:00,8642.471723411243,8947.039621223814
2025-01-18 19:00:00,8494.956936083578,9546.677306130294
2025-01-18 20:00:00,8164.493530537354,9773.548872370231
2025-01-18 21:00:00,7836.305006250025,9888.659847912786
2025-01-18 22:00:00,7493.7734882159,9630.481338789687
2025-01-18 23:00:00,7119.017175863968,9334.311585288446
2025-01-19 00:00:00,6755.513259261885,8783.986914576974
2025-01-19 01:00:00,6408.730161595614,8168.966838304605
2025-01-19 02:00:00,6226.182027254315,8174.935202848151
2025-01-19 03:00:00,6162.8352832378605,8357.744603113288
2025-01-19 04:00:00,6251.169766226698,8608.864343083365
2025-01-19 05:00:00,6360.754423966842,8548.407513314682
2025-01-19 06:00:00,6290.524696786082,8617.598404201812
2025-01-19 07:00:00,6106.898558937013,8740.238202821236
2025-01-19 08:00:00,5694.129682546231,8670.371284961559
2025-01-19 09:00:00,5327.660480817939,8040.318588253454
2025-01-19 10:00:00,5162.702602561225,7568.780086222934
2025-01-19 11:00:00,5155.314481824133,7239.4736164263595
2025-01-19 12:00:00,5316.720868687384,7804.6447868450305
2025-01-19 13:00:00,5574.391370283573,8368.763704230916
2025-01-19 14:00:00,6118.011501632731,8291.745243971185
2025-01-19 15:00:00,6971.075608421406,9228.75225539104
2025-01-19 16:00:00,7894.861812486895,10497.52510586639
2025-01-19 17:00:00,8483.831497560188,11039.943468917365
2025-01-19 18:00:00,8634.103943907949,11322.322183397644
2025-01-19 19:00:00,8486.731982684923,11635.618618029886
2025-01-19 20:00:00,8156.588536959537,11466.514180462269
2025-01-19 21:00:00,7828.7177694722495,11003.709228956732
2025-01-19 22:00:00,7486.517895462782,9667.298188432404
2025-01-19 23:00:00,7112.124427917867,8557.167680303415
2025-01-20 00:00:00,6748.972461018538,7644.06196227786
2025-01-20 01:00:00,6402.5251239599775,7620.23623963853
2025-01-20 02:00:00,6220.153735626811,8064.965677786202
2025-01-20 03:00:00,6156.868324994195,8340.621803033753
2025-01-20 04:00:00,6245.117281275078,8291.830318818653
2025-01-20 05:00:00,6354.595837604087,7644.968187274117
2025-01-20 06:00:00,6284.434108212473,6758.863236065918
2025-01-20 07:00:00,6100.985760092675,6481.812839931698
2025-01-20 08:00:00,5688.616533092791,6329.605410052202
2025-01-20 09:00:00,5322.502152732561,6076.911944292967
2025-01-20 10:00:00,5157.703989599973,5510.2800302461965
2025-01-20 11:00:00,5150.323022438441,5501.798223242183
2025-01-20 12:00:00,5311.573132915766,6065.661392429333
2025-01-20 13:00:00,5568.9941537682525,6871.976944088124
2025-01-20 14:00:00,6112.0879433956925,7380.867268678186
2025-01-20 15:00:00,6964.32609986386,7835.174218154211
2025-01-20 16:00:00,7887.21787949624,8602.922997179081
2025-01-20 17:00:00,8475.617315400448,9380.33156023845
2025-01-20 18:00:00,8625.74426556717,10618.890672667734
2025-01-20 19:00:00,8478.514992220798,11076.902604942461
2025-01-20 20:00:00,8148.691196639978,10943.206943064886
2025-01-20 21:00:00,7821.137878692014,10961.726715374065
2025-01-20 22:00:00,7479.26932793276,10745.98110832637
2025-01-20 23:00:00,7105.238354073446,10155.290437833686
2025-01-21 00:00:00,6742.437996528997,9492.76462660279
2025-01-21 01:00:00,6396.326095232014,8827.809045848684
2025-01-21 02:00:00,6214.131281804248,8412.039159418595
2025-01-21 03:00:00,6150.90714514323,8350.808508061436
2025-01-21 04:00:00,6239.070657420523,7988.308658053014
2025-01-21 05:00:00,6348.4432149261065,7951.260241257118
2025-01-21 06:00:00,6278.349417337933,8117.214622499082
2025-01-21 07:00:00,6095.078686846375,7876.950593184158
2025-01-21 08:00:00,5683.108722349982,7478.327904065296
2025-01-21 09:00:00,5317.348819829696,6636.002978172429
2025-01-21 10:00:00,5152.7102170263015,6248.7283613976515
2025-01-21 11:00:00,5145.3363963373085,5617.4743630637195
2025-01-21 12:00:00,5306.430381813428,5817.429440566434
2025-01-21 13:00:00,5563.602163478295,6111.495718032917
2025-01-21 14:00:00,6106.170120959248,6320.094586290038
2025-01-21 15:00:00,6957.583126736265,7293.188742151379
2025-01-21 16:00:00,7879.581347759042,8726.263220665838
2025-01-21 17:00:00,8467.411086121845,10046.044661689253
2025-01-21 18:00:00,8617.392680963005,10780.171205055793
2025-01-21 19:00:00,8470.305957361881,11105.745113659144
2025-01-21 20:00:00,8140.801502476661,10868.707594907439
2025-01-21 21:00:00,7813.565326852486,10409.977606031038
2025-01-21 22:00:00,7472.0277786704655,9353.089548804828
2025-01-21 23:00:00,7098.358947593911,8602.140276800134
2025-01-22 00:00:00,6735.909859121619,8338.553870867569
2025-01-22 01:00:00,6390.133068900178,8019.55544706631
2025-01-22 02:00:00,6208.114659424453,7706.513689559518
2025-01-22 03:00:00,6144.9517373983,7771.178217828726
2025-01-22 04:00:00,6233.029888362447,7592.23503303407
2025-01-22 05:00:00,6342.296549622951,7125.900270132302
2025-01-22 06:00:00,6272.270618011302,6733.88410852352
2025-01-22 07:00:00,6089.177333189493,6230.63864465785
2025-01-22 08:00:00,5677.606244645864,5556.378849457172
2025-01-22 09:00:00,5312.200476760052,5038.05096109747
2025-01-22 10:00:00,5147.721279740162,4621.74478443632
2025-01-22 11:00:00,5140.354598540069,4730.058947230974
2025-01-22 12:00:00,5301.29261020515,5612.8605639904845
2025-01-22 13:00:00,5558.215394001547,6049.255204142924
2025-01-22 14:00:00,6100.25802844161,6290.510246805705
2025-01-22 15:00:00,6950.846682426565,6578.788541862305
2025-01-22 16:00:00,7871.952209934799,7211.404682119603
2025-01-22 17:00:00,8459.212802165863,7889.387983293065
2025-01-22 18:00:00,8609.049182410916,8373.172037956585
2025-01-22 19:00:00,8462.104870543828,8664.617146318957
2025-01-22 20:00:00,8132.919447178477,8718.011949526544
2025-01-22 21:00:00,7806.000106868234,8406.387416733563
2025-01-22 22:00:00,7464.793240824889,7795.122179608627
2025-01-22 23:00:00,7091.486201923843,7269.630387215009
2025-01-23 00:00:00,6729.38804247429,7332.605184259093
2025-01-23 01:00:00,6383.946038900545,7320.807529745705
2025-01-23 02:00:00,6202.103862583093,6835.181962339566
2025-01-23 03:00:00,6139.002095919069,6461.678248973366
2025-01-23 04:00:00,6226.994968204517,6224.418072083461
2025-01-23 05:00:00,6336.155835731688,5961.96680730626
2025-01-23 06:00:00,6266.197704367899,5743.134367231035
2025-01-23 07:00:00,6083.281693415086,5841.700238842779
2025-01-23 08:00:00,5672.109094633972,5812.652419020261
2025-01-23 09:00:00,5307.057118505842,5487.330991374317
2025-01-23 10:00:00,5142.737172909548,5368.812666533914
2025-01-23 11:00:00,5135.377624262397,5024.387926497073
2025-01-23 12:00:00,5296.159813142776,5818.657226220347
2025-01-23 13:00:00,5552.833840155094,6449.224300352074
2025-01-23 14:00:00,6094.351660175571,6574.133671623675
2025-01-23 15:00:00,6944.116760510029,6368.5949670866385
2025-01-23 16:00:00,7864.330458801139,6379.659137812219
2025-01-23 17:00:00,8451.022455891209,6505.277587990004
2025-01-23 18:00:00,8600.713762137115,7031.774904779522
2025-01-23 19:00:00,8453.911724121539,7652.188305756211
2025-01-23 20:00:00,8125.045023390078,8632.85043264677
2025-01-23 21:00:00,7798.442211647786,9129.994778156806
2025-01-23 22:00:00,7457.565707587148,9182.72169745774
2025-01-23 23:00:00,7084.620110577771,8904.506818957298
2025-01-24 00:00:00,6722.872540395811,7974.788209250476
2025-01-24 01:00:00,6377.764999335608,7179.569106140277
2025-01-24 02:00:00,6196.098885545876,6939.230925051523
2025-01-24 03:00:00,6133.058215031015,7009.258777632371
2025-01-24 04:00:00,6220.9658912009545,7430.99525265252
2025-01-24 05:00:00,6330.021067419191,7634.975633141211
2025-01-24 06:00:00,6260.130670650793,7873.660011670609
2025-01-24 07:00:00,6077.391761929381,7708.994415295493
2025-01-24 08:00:00,5666.617267089434,7331.221402973868
2025-01-24 09:00:00,5301.91874017285,6781.783560324964
2025-01-24 10:00:00,5137.757891802839,6182.129704906843
2025-01-24 11:00:00,5130.40546879427,5697.438557461867
2025-01-24 12:00:00,5291.031985763708,6200.879006686154
2025-01-24 13:00:00,5547.457496842506,6732.461781531961
2025-01-24 14:00:00,6088.45101057539,7112.318448087065
2025-01-24 15:00:00,6937.393354633957,7459.327079229119
2025-01-24 16:00:00,7856.716087183068,7921.056313953246
2025-01-24 17:00:00,8442.84003963123,8652.327207592298
2025-01-24 18:00:00,8592.38641234019,8983.566681516373
2025-01-24 19:00:00,8445.726510425317,8719.865249755658
2025-01-24 20:00:00,8117.178223737349,8252.925225013429
2025-01-24 21:00:00,7790.891634101881,8411.177744423892
2025-01-24 22:00:00,7450.345172167899,8746.974013537594
2025-01-24 23:00:00,7077.76066709966,8492.70977280421
2025-01-25 00:00:00,6716.363346746381,8135.581724309865
2025-01-25 01:00:00,6371.589944371968,7335.2636550804955
2025-01-25 02:00:00,6190.099722643825,6463.962268739354
2025-01-25 03:00:00,6127.120089123355,6081.701409879271
2025-01-25 04:00:00,6214.942651664219,6172.873193615281
2025-01-25 05:00:00,6323.892238903074,6266.506127303111
2025-01-25 06:00:00,6254.069511145726,6788.097704431685
2025-01-25 07:00:00,6071.507533183138,7061.265468006181
2025-01-25 08:00:00,5661.130756834742,7026.841352011962
2025-01-25 09:00:00,5296.785336914752,6863.888746750992
2025-01-25 10:00:00,5132.783431727792,6908.598714648674
2025-01-25 11:00:00,5125.4381274555535,6665.327426663297
2025-01-25 12:00:00,5285.909123239426,7145.392365714395
2025-01-25 13:00:00,5542.086359001924,7447.583425381195
2025-01-25 14:00:00,6082.556074088366,6772.17517582802
2025-01-25 15:00:00,6930.676458475731,6773.0345828896425
2025-01-25 16:00:00,7849.109087927227,7057.535695358262
2025-01-25 17:00:00,8434.665545714774,7247.543500902023
2025-01-25 18:00:00,8584.067125213493,8054.238716837933
2025-01-25 19:00:00,8437.549221781224,8604.44875993169
2025-01-25 20:00:00,8109.3190408438595,8719.543849262898
2025-01-25 21:00:00,7783.348367146393,8610.477833901563
2025-01-25 22:00:00,7443.131627789047,8515.062939508793
2025-01-25 23:00:00,7070.907865048117,7889.4713072804325
2025-01-26 00:00:00,6709.8604554086305,7458.101618620882
2025-01-26 01:00:00,6365.420868203088,7093.096581683456
2025-01-26 02:00:00,6184.106368235165,6740.012487199186
2025-01-26 03:00:00,6121.187712611904,6988.508595681157
2025-01-26 04:00:00,6208.9252439314205,7591.222564276024
2025-01-26 05:00:00,6317.769344422948,8139.690899660445
2025-01-26 06:00:00,6248.0142201574745,8868.680155733864
2025-01-26 07:00:00,6065.629001646738,9425.010175840776
2025-01-26 08:00:00,5655.649558712814,9312.41160646552
2025-01-26 09:00:00,5291.656903905628,8539.180201213276
2025-01-26 10:00:00,5127.813788009369,7639.305732409001
2025-01-26 11:00:00,5120.475595579861,7170.687390355039
2025-01-26 12:00:00,5280.79122075677,7306.0088462161275
2025-01-26 13:00:00,5536.720421587166,7939.531196802731
2025-01-26 14:00:00,6076.6668451772275,8490.850356128885
2025-01-26 15:00:00,6923.966065727566,9310.443210796795
2025-01-26 16:00:00,7841.509453892524,10143.57754118684
2025-01-26 17:00:00,8426.498966473779,10659.112633940182
2025-01-26 18:00:00,8575.755892953275,11116.748852466048
2025-01-26 19:00:00,8429.379850518526,11421.688135889219
2025-01-26 20:00:00,8101.467467336908,11589.594073968092
2025-01-26 21:00:00,7775.812403703453,11041.708705270927
2025-01-26 22:00:00,7435.925067680787,10430.257495911583
2025-01-26 23:00:00,7064.0616979910665,9850.178575161017
2025-01-27 00:00:00,6703.363860277135,9459.278761087804
2025-01-27 01:00:00,6359.257765035792,9125.139404326324
2025-01-27 02:00:00,6178.118816691507,8661.07767556634
2025-01-27 03:00:00,6115.261079925608,8733.593056564643
2025-01-27 04:00:00,6202.913662352135,8727.778488928045
2025-01-27 05:00:00,6311.652378229977,8595.75416115989
2025-01-27 06:00:00,6241.964792001241,8506.4622628685
2025-01-27 07:00:00,6059.756161801093,8556.864585706153
2025-01-27 08:00:00,5650.17366757716,8662.79640234125
2025-01-27 09:00:00,5286.533436329941,8031.173575488185
2025-01-27 10:00:00,5122.848955981669,7395.333737961739
2025-01-27 11:00:00,5115.5178685086785,6871.334502958155
2025-01-27 12:00:00,5275.678273511125,6732.6704201837565
2025-01-27 13:00:00,5531.359679560853,6991.735195983292
2025-01-27 14:00:00,6070.7833183137145,6880.596974597597
2025-01-27 15:00:00,6917.2621700909385,7174.320176109997
2025-01-27 16:00:00,7833.91717794672,7719.03408485715
2025-01-27 17:00:00,8418.340294246027,8484.115280770919
2025-01-27 18:00:00,8567.452707761651,9246.137738885984
2025-01-27 19:00:00,8421.218388972364,9420.162062953133
2025-01-27 20:00:00,8093.623495849673,9259.124634195718
2025-01-27 21:00:00,7768.283736701808,9394.301096227311
2025-01-27 22:00:00,7428.725485080476,9171.33736939564
2025-01-27 23:00:00,7057.222159503763,9003.939126680874
2025-01-28 00:00:00,6696.873555254559,8758.243046997362
2025-01-28 01:00:00,6353.10062908532,8045.218172175571
2025-01-28 02:00:00,6172.137062392781,7365.88435823096
2025-01-28 03:00:00,6109.3401855016,7438.173560535267
2025-01-28 04:00:00,6196.907901283941,7495.945420968484
2025-01-28 05:00:00,6305.541334583064,7719.420993459041
2025-01-28 06:00:00,6235.921220999524,7813.36479478988
2025-01-28 07:00:00,6053.889008134345,7682.662043738304
2025-01-28 08:00:00,5644.703078288308,7161.46235829624
2025-01-28 09:00:00,5281.414929378891,6560.447079814839
2025-01-28 10:00:00,5117.888930984979,6106.063218599065
2025-01-28 11:00:00,5110.564941589223,5801.871131417878
2025-01-28 12:00:00,5270.570276703944,6278.0800216687985
2025-01-28 13:00:00,5526.004127891909,6788.028055448623
2025-01-28 14:00:00,6064.905487976249,7250.578640490527
2025-01-28 15:00:00,6910.564765274577,7834.527306150327
2025-01-28 16:00:00,7826.332252965182,8250.542217773682
2025-01-28 17:00:00,8410.18952137614,8210.761008549074
2025-01-28 18:00:00,8559.157561847658,7943.529144302495
2025-01-28 19:00:00,8413.06482948473,8094.142751167441
2025-01-28 20:00:00,8085.787119022006,7727.833252384474
2025-01-28 21:00:00,7760.762359076964,7463.299289691849
2025-01-28 22:00:00,7421.53287323224,6908.189673762164
2025-01-28 23:00:00,7050.389243168076,6304.847766393694
2025-01-29 00:00:00,6690.389534250255,5704.180303030996
2025-01-29 01:00:00,6346.949454573527,5165.167764842559
2025-01-29 02:00:00,6166.161099725396,4869.838925571167
2025-01-29 03:00:00,6103.42502378341,5078.491451147048
2025-01-29 04:00:00,6190.907955090788,5289.791121101937
2025-01-29 05:00:00,6299.436207747438,5932.007520143641
2025-01-29 06:00:00,6229.883501480945,5725.551493146136
2025-01-29 07:00:00,6048.027535140635,5385.214543110446
2025-01-29 08:00:00,5639.237785712483,4898.547743911909
2025-01-29 09:00:00,5276.301378249076,4230.449179569551
2025-01-29 10:00:00,5112.9337083646915,3943.4170415919475
2025-01-29 11:00:00,5105.616810173645,4559.737412989315
2025-01-29 12:00:00,5265.467225541832,5807.117202264264
2025-01-29 13:00:00,5520.653761554646,6510.568455441733
2025-01-29 14:00:00,6059.0333486490845,7034.592677036654
2025-01-29 15:00:00,6903.87384499373,7478.731153834553
2025-01-29 16:00:00,7818.754671830449,7736.831564056191
2025-01-29 17:00:00,8402.04664021596,7701.166256281577
2025-01-29 18:00:00,8550.87044742768,7986.080071351668
2025-01-29 19:00:00,8404.919164404859,8160.577127129004
2025-01-29 20:00:00,8077.958329500744,8268.77130895057
2025-01-29 21:00:00,7753.248263771261,8401.426860137302
2025-01-29 22:00:00,7414.347225386857,8097.612702936458
2025-01-29 23:00:00,7043.562942572264,7635.564402396474
2025-01-30 00:00:00,6683.911791179782,7570.043509649786
2025-01-30 01:00:00,6340.804235728249,7263.463501122655
2025-01-30 02:00:00,6160.190923081595,7052.23720032916
2025-01-30 03:00:00,6097.515589220342,6723.049822120821
2025-01-30 04:00:00,6184.91381814244,5995.673367691181
2025-01-30 05:00:00,6293.336991994193,6065.782437090085
2025-01-30 06:00:00,6223.851627779878,5896.668064583757
2025-01-30 07:00:00,6042.171737319713,5996.4873078009305
2025-01-30 08:00:00,5633.777784721184,5985.120698543936
2025-01-30 09:00:00,5271.192778142047,5087.449740066274
2025-01-30 10:00:00,5107.983283470956,4304.9412791243685
2025-01-30 11:00:00,5100.6734696187805,3668.544170530091
2025-01-30 12:00:00,5260.369115236241,3747.592429645613
2025-01-30 13:00:00,5515.308575528446,4230.6922425906105
2025-01-30 14:00:00,6053.166894822005,4996.5626440512
2025-01-30 15:00:00,6897.189402969887,6055.315916926037
2025-01-30 16:00:00,7811.184427432042,7312.137538784577
2025-01-30 17:00:00,8393.911643124655,8231.188194697103
2025-01-30 18:00:00,8542.591356725543,8595.141581965616
2025-01-30 19:00:00,8396.7813860893,8402.787174539983
2025-01-30 20:00:00,8070.137119939774,8296.600311957405
2025-01-30 21:00:00,7745.741443733848,8518.072803842013
2025-01-30 22:00:00,7407.168534801645,7921.3236026465
2025-01-30 23:00:00,7036.743251310825,7666.031051868844
2025-01-31 00:00:00,6677.440319964682,7547.145122913172
2025-01-31 01:00:00,6334.664966783035,7513.512584137683
2025-01-31 02:00:00,6154.226526859176,8012.733515218354
2025-01-31 03:00:00,6091.611876267191,8228.735656006309
2025-01-31 04:00:00,6178.925484814219,8065.99073777136
2025-01-31 05:00:00,6287.243681600066,7627.622581610799
2025-01-31 06:00:00,6217.825594236263,7001.310778481867
2025-01-31 07:00:00,6036.321609176738,6622.429797262877
2025-01-31 08:00:00,5628.32307019096,6095.811477215965
2025-01-31 09:00:00,5266.089124264088,5345.257339159734
2025-01-31 10:00:00,5103.037651658489,5034.61586796304
