datetime,forecast_demand_trend,forecast_demand_fluctuations
2025-01-01 01:00:00,7097.114392084453,7283.953418469415
2025-01-01 02:00:00,6938.677834783737,7500.347435400724
2025-01-01 03:00:00,6852.72035225097,7363.020292032503
2025-01-01 04:00:00,6888.288395806881,7131.08405967415
2025-01-01 05:00:00,6931.614697842733,6706.916226100744
2025-01-01 06:00:00,6790.068256813975,6426.979669090244
2025-01-01 07:00:00,6573.085290473086,6022.061892492751
2025-01-01 08:00:00,6131.245108683858,5646.116080104809
2025-01-01 09:00:00,5732.111584039645,5517.050481329186
2025-01-01 10:00:00,5508.003205871651,5465.894487779833
2025-01-01 11:00:00,5443.9853729627375,5033.424592431462
2025-01-01 12:00:00,5605.423786256359,4757.387908184344
2025-01-01 13:00:00,5853.694127990784,4920.043880646149
2025-01-01 14:00:00,6387.057755861419,5719.218352031262
2025-01-01 15:00:00,7231.095241090256,6633.916735581162
2025-01-01 16:00:00,8128.218841020021,7145.971681086375
2025-01-01 17:00:00,8621.500641245935,6975.868441680713
2025-01-01 18:00:00,8765.384129553897,7076.436504290476
2025-01-01 19:00:00,8614.893197871079,7214.603279524292
2025-01-01 20:00:00,8283.275112814159,7258.28864872816
2025-01-01 21:00:00,7975.1503983298035,7538.8090841319945
2025-01-01 22:00:00,7648.093549246896,7436.11991149446
2025-01-01 23:00:00,7278.751383398334,7138.669857959975
2025-01-02 00:00:00,6937.531446396366,6796.343298211581
2025-01-02 01:00:00,6601.100461843235,6296.027633260985
2025-01-02 02:00:00,6416.1531181762775,6596.438560866701
2025-01-02 03:00:00,6348.697002378198,6225.506761310586
2025-01-02 04:00:00,6430.129784443941,6131.838599059512
2025-01-02 05:00:00,6530.599534564737,6278.772302975058
2025-01-02 06:00:00,6447.827423800398,7041.602244917993
2025-01-02 07:00:00,6263.434574271865,6911.571615189478
2025-01-02 08:00:00,5847.751998460326,6338.0075748870095
2025-01-02 09:00:00,5476.020096364438,5787.077892523353
2025-01-02 10:00:00,5296.74182994436,5206.7437360768445
2025-01-02 11:00:00,5276.19869697694,5396.603777702366
2025-01-02 12:00:00,5445.577957731891,6086.247601012719
2025-01-02 13:00:00,5707.731676008882,7471.804524335215
2025-01-02 14:00:00,6257.5543671331,8278.27972221209
2025-01-02 15:00:00,7119.677762507569,8921.89434639674
2025-01-02 16:00:00,8046.2032174958895,9384.643009044972
2025-01-02 17:00:00,8608.866320694393,9687.067085367267
2025-01-02 18:00:00,8760.399830319358,10037.682208714927
2025-01-02 19:00:00,8612.080618237433,9685.62506281696
2025-01-02 20:00:00,8279.425064174873,9661.19826065778
2025-01-02 21:00:00,7956.538056833803,9415.646347935404
2025-01-02 22:00:00,7617.298850111375,8843.210143394028
2025-01-02 23:00:00,7241.699882609972,8139.950689353825
2025-01-03 00:00:00,6883.459300916496,7249.2247250731225
2025-01-03 01:00:00,6537.6465422038145,6804.317351746729
2025-01-03 02:00:00,6352.910987206849,6708.366579060963
2025-01-03 03:00:00,6287.819967008259,6357.613515700698
2025-01-03 04:00:00,6374.784483921896,6782.972663434339
2025-01-03 05:00:00,6482.345714793222,7331.9623331547
2025-01-03 06:00:00,6407.080357640254,7618.257959591146
2025-01-03 07:00:00,6221.5799292502525,7426.208139260799
2025-01-03 08:00:00,5803.9315334552475,7226.674588151197
2025-01-03 09:00:00,5432.148138219668,7197.337574776202
2025-01-03 10:00:00,5260.492576140305,7326.344539324425
2025-01-03 11:00:00,5248.3240738280665,7444.317778093289
2025-01-03 12:00:00,5414.238477676219,7077.636015626834
2025-01-03 13:00:00,5676.059066318656,7224.551551264108
2025-01-03 14:00:00,6227.185185176486,7424.389341018046
2025-01-03 15:00:00,7091.7515505748,8108.130029105645
2025-01-03 16:00:00,8025.412769707331,9209.778522739309
2025-01-03 17:00:00,8610.480278538333,9396.302441727443
2025-01-03 18:00:00,8762.670262695596,9556.153054461936
2025-01-03 19:00:00,8613.55764394827,9661.813117686519
2025-01-03 20:00:00,8279.350529094307,9184.981731086893
2025-01-03 21:00:00,7950.161936108955,8801.160305022002
2025-01-03 22:00:00,7605.769231103527,8520.16953073176
2025-01-03 23:00:00,7227.357639451454,7955.085398662985
2025-01-04 00:00:00,6862.518778327176,6671.1915084855755
2025-01-04 01:00:00,6512.987987430499,5599.317613405436
2025-01-04 02:00:00,6328.013523098576,5345.219342812677
2025-01-04 03:00:00,6263.468388412326,5315.429658989263
2025-01-04 04:00:00,6352.098374312229,6143.879415202447
2025-01-04 05:00:00,6461.930677208156,6747.086948979747
2025-01-04 06:00:00,6389.2423332163235,7063.830935306272
2025-01-04 07:00:00,6203.291592860766,7308.139549531262
2025-01-04 08:00:00,5785.052770989304,7218.975936225301
2025-01-04 09:00:00,5413.3699277812575,6933.079280208631
2025-01-04 10:00:00,5244.499605216815,6394.043945284524
2025-01-04 11:00:00,5235.3073156934015,5749.740669506136
2025-01-04 12:00:00,5399.799344322826,4994.660841997187
2025-01-04 13:00:00,5661.287267153146,5041.353329544344
2025-01-04 14:00:00,6212.50607294951,5274.631411126859
2025-01-04 15:00:00,7077.393432436282,6014.461603635464
2025-01-04 16:00:00,8013.04430921104,7072.204781026989
2025-01-04 17:00:00,8605.869276048135,8381.484802929923
2025-01-04 18:00:00,8758.185062406272,8689.045477299922
2025-01-04 19:00:00,8608.860394064352,8498.128885948949
2025-01-04 20:00:00,8274.282539742393,8243.450623181196
2025-01-04 21:00:00,7942.9964029281655,8028.247666621407
2025-01-04 22:00:00,7596.93456796513,8020.080197489018
2025-01-04 23:00:00,7217.7269354414,7964.922325160128
2025-01-05 00:00:00,6850.709368220439,7504.530777470407
2025-01-05 01:00:00,6500.038063045211,7338.128851083326
2025-01-05 02:00:00,6315.08675546749,7271.8263643058635
2025-01-05 03:00:00,6250.7764587685815,7429.049133851421
2025-01-05 04:00:00,6339.954315559754,8075.419397040383
2025-01-05 05:00:00,6450.541960287791,8471.042877141443
2025-01-05 06:00:00,6378.8329634595175,8486.663548126977
2025-01-05 07:00:00,6192.831648748175,8219.505410116373
2025-01-05 08:00:00,5774.634709922326,7862.213002324403
2025-01-05 09:00:00,5403.216364491431,7657.779374101105
2025-01-05 10:00:00,5235.461294943114,7980.328474327415
2025-01-05 11:00:00,5227.355428488417,7914.473834845864
2025-01-05 12:00:00,5391.228712622482,7875.284228891635
2025-01-05 13:00:00,5652.434197630198,7820.032308308095
2025-01-05 14:00:00,6203.346714675916,7568.342451154855
2025-01-05 15:00:00,7067.817573459066,7874.465534644629
2025-01-05 16:00:00,8003.61474366157,8578.526495113378
2025-01-05 17:00:00,8598.893063919051,8562.40317884465
2025-01-05 18:00:00,8751.160550621273,8454.961791191381
2025-01-05 19:00:00,8601.850679161433,8395.722271864082
2025-01-05 20:00:00,8267.344112232842,8308.619006634697
2025-01-05 21:00:00,7935.499797017778,7853.241809243645
2025-01-05 22:00:00,7589.0445740394225,7267.675361268035
2025-01-05 23:00:00,7209.781236977968,7315.294469586584
2025-01-06 00:00:00,6842.198056023846,7309.932747952247
2025-01-06 01:00:00,6491.328318331526,6840.879572500563
2025-01-06 02:00:00,6306.499329215763,6759.58094456315
2025-01-06 03:00:00,6242.313952825689,6721.491885345301
2025-01-06 04:00:00,6331.635922376676,7178.138301982806
2025-01-06 05:00:00,6442.4298821141765,7697.284376357703
2025-01-06 06:00:00,6371.1209051521055,7676.05507746041
2025-01-06 07:00:00,6185.215787552295,7008.743712569665
2025-01-06 08:00:00,5767.291690465716,6392.141948631799
2025-01-06 09:00:00,5396.19826062679,5660.399436207057
2025-01-06 10:00:00,5228.951773602346,5029.32508122742
2025-01-06 11:00:00,5221.245661784615,4004.3514129532423
2025-01-06 12:00:00,5384.793155235925,4235.678138186476
2025-01-06 13:00:00,5645.735089845691,4796.874513773079
2025-01-06 14:00:00,6196.19691376634,5492.165064298442
2025-01-06 15:00:00,7059.983862212045,6732.408221161577
2025-01-06 16:00:00,7995.257680588756,8355.312244453493
2025-01-06 17:00:00,8591.060732675416,9232.56489783746
2025-01-06 18:00:00,8743.216861465502,9982.847341474244
2025-01-06 19:00:00,8594.004349162646,10176.898621888657
2025-01-06 20:00:00,8259.729760541864,9591.822389106374
2025-01-06 21:00:00,7927.88705834221,8675.380231562278
2025-01-06 22:00:00,7581.502328675276,8314.260368550866
2025-01-06 23:00:00,7202.4523989368245,8192.175062861172
2025-01-07 00:00:00,6834.890146952974,7306.397791880404
2025-01-07 01:00:00,6484.164462372593,6775.193795554334
2025-01-07 02:00:00,6299.4937848230375,7002.589173980681
2025-01-07 03:00:00,6235.393341772124,7308.434132271593
2025-01-07 04:00:00,6324.712648825262,7733.606027775975
2025-01-07 05:00:00,6435.5133201467215,8018.064050150347
2025-01-07 06:00:00,6364.393626565261,7852.353431573399
2025-01-07 07:00:00,6178.637992139467,7534.103839704337
2025-01-07 08:00:00,5761.0705022130205,6939.80505884863
2025-01-07 09:00:00,5390.323750829146,6274.56584524655
2025-01-07 10:00:00,5223.365098325763,5298.098080238928
2025-01-07 11:00:00,5215.808990429594,4425.571770152314
2025-01-07 12:00:00,5379.137348065704,4282.900101250915
2025-01-07 13:00:00,5639.822761943821,4746.281513956503
2025-01-07 14:00:00,6189.78170253104,5179.680255063979
2025-01-07 15:00:00,7052.787997764784,6373.793328139886
2025-01-07 16:00:00,7987.295463959139,7287.720013216749
2025-01-07 17:00:00,8582.922134389679,7879.900492513402
2025-01-07 18:00:00,8734.944062370543,8675.591929099723
2025-01-07 19:00:00,8585.858850757384,8596.29069429344
2025-01-07 20:00:00,8251.874487964265,8070.797405359814
2025-01-07 21:00:00,7920.236806888846,7455.322587268379
2025-01-07 22:00:00,7574.091085748081,7251.028909598455
2025-01-07 23:00:00,7195.352218106792,7550.682603946331
2025-01-08 00:00:00,6828.024011365251,7463.148438640911
2025-01-08 01:00:00,6477.566738606387,6992.445988692903
2025-01-08 02:00:00,6293.0673540415955,6630.223394632649
2025-01-08 03:00:00,6229.037262449181,6943.866405912844
2025-01-08 04:00:00,6318.300575989815,7487.270937778326
2025-01-08 05:00:00,6429.035426195967,7685.257104041829
2025-01-08 06:00:00,6358.028325430827,7899.457278473081
2025-01-08 07:00:00,6172.441444468009,8534.023480191043
2025-01-08 08:00:00,5755.260779477075,8776.14175292453
2025-01-08 09:00:00,5384.868400907228,8923.183886244104
2025-01-08 10:00:00,5218.117193735154,8504.458633182901
2025-01-08 11:00:00,5210.62024692046,7693.57662060569
2025-01-08 12:00:00,5373.768358359044,6962.437860861243
2025-01-08 13:00:00,5634.199963907042,6679.286394888975
2025-01-08 14:00:00,6183.637366942685,6933.398611288143
2025-01-08 15:00:00,7045.828337016246,7641.28296812308
2025-01-08 16:00:00,7979.4816255211645,8558.962625067159
2025-01-08 17:00:00,8574.677263382848,9069.270817869126
2025-01-08 18:00:00,8726.556772952526,9767.904551106922
2025-01-08 19:00:00,8577.609663299838,9997.08936645454
2025-01-08 20:00:00,8243.936512615775,9847.35526495527
2025-01-08 21:00:00,7912.577637607444,9593.260130136308
2025-01-08 22:00:00,7566.732010164809,9268.875007934123
2025-01-08 23:00:00,7188.339497249544,8918.751034574627
2025-01-09 00:00:00,6821.322630408541,8105.287415891943
2025-01-09 01:00:00,6471.178791629465,7502.071173966393
2025-01-09 02:00:00,6286.855311509558,7624.764514143721
2025-01-09 03:00:00,6222.890229503033,8022.562839032855
2025-01-09 04:00:00,6312.078205443235,8536.578500073882
2025-01-09 05:00:00,6422.720919293975,8847.14362636907
2025-01-09 06:00:00,6351.798475371443,8480.882069322373
2025-01-09 07:00:00,6166.387246045086,8174.059619988385
2025-01-09 08:00:00,5749.604147743281,7536.845055555979
2025-01-09 09:00:00,5379.568719528506,6859.8417437996395
2025-01-09 10:00:00,5212.995619330049,6476.165592046332
2025-01-09 11:00:00,5205.524788107952,5704.408923003054
2025-01-09 12:00:00,5368.50689548963,4966.3822055454575
2025-01-09 13:00:00,5628.685834658851,4703.550738018435
2025-01-09 14:00:00,6177.595243165222,5227.679411178049
2025-01-09 15:00:00,7038.958791820787,6533.665492258441
2025-01-09 16:00:00,7971.726516209568,7675.976320186255
2025-01-09 17:00:00,8566.398856000438,8133.440372409251
2025-01-09 18:00:00,8718.133048914384,8301.803526732578
2025-01-09 19:00:00,8569.327880939098,8478.060802227905
2025-01-09 20:00:00,8235.973376303755,8357.352779134973
2025-01-09 21:00:00,7904.9199464135145,8072.406920058002
2025-01-09 22:00:00,7559.396423962515,8148.856364859245
2025-01-09 23:00:00,7181.362876478499,8223.307481087719
2025-01-10 00:00:00,6814.685243851392,8245.856520937847
2025-01-10 01:00:00,6464.871005401859,8430.879243875439
2025-01-10 02:00:00,6280.7249969990335,8570.457540339428
2025-01-10 03:00:00,6216.822943482955,8999.94136280811
2025-01-10 04:00:00,6305.928599284761,9944.433642826954
2025-01-10 05:00:00,6416.469671523511,9473.834761742137
2025-01-10 06:00:00,6345.6216813550955,9121.047569050934
2025-01-10 07:00:00,6160.388502003061,8307.172607179562
2025-01-10 08:00:00,5744.006628634958,7262.437662832767
2025-01-10 09:00:00,5374.328867458751,6895.453213174773
2025-01-10 10:00:00,5207.9231039982815,6985.679193480397
2025-01-10 11:00:00,5200.466364729936,6580.426133664211
2025-01-10 12:00:00,5363.28774540826,6657.461163106691
2025-01-10 13:00:00,5623.214588800683,6829.075830798769
2025-01-10 14:00:00,6171.593981819088,7565.470077143609
2025-01-10 15:00:00,7032.126223449971,8823.36188717209
2025-01-10 16:00:00,7963.9975245771075,9652.829656727696
2025-01-10 17:00:00,8558.113362693042,9638.784036231671
2025-01-10 18:00:00,8709.701275356514,9581.070620477023
2025-01-10 19:00:00,8561.039356829999,9367.99427401343
2025-01-10 20:00:00,8228.006003166374,8433.946464056104
2025-01-10 21:00:00,7897.267509901133,7223.089390312536
2025-01-10 22:00:00,7552.073892123448,6674.242819408308
2025-01-10 23:00:00,7174.403671206179,6190.225252629251
2025-01-11 00:00:00,6808.075199601258,6354.072503640528
2025-01-11 01:00:00,6458.596232701625,6816.96399177897
2025-01-11 02:00:00,6274.628156173374,7371.715606672927
2025-01-11 03:00:00,6210.788372459103,7685.884514182423
2025-01-11 04:00:00,6299.809221631818,8051.727663283074
2025-01-11 05:00:00,6410.245261005252,7686.211090557419
2025-01-11 06:00:00,6339.467971285128,7079.279456053863
2025-01-11 07:00:00,6154.413603688245,6209.037531401938
2025-01-11 08:00:00,5738.434037350589,5614.529231926109
2025-01-11 09:00:00,5369.113983285769,5090.374336301022
2025-01-11 10:00:00,5202.871539954964,4393.833435938806
2025-01-11 11:00:00,5195.424514998077,3318.6520992520923
2025-01-11 12:00:00,5358.087185592088,3065.697769044057
2025-01-11 13:00:00,5617.7622958502125,3494.1921309950376
2025-01-11 14:00:00,6165.611265557814,4177.093715018
2025-01-11 15:00:00,7025.311300408382,5641.110223660623
2025-01-11 16:00:00,7956.282784698876,6758.9179973859855
2025-01-11 17:00:00,8549.830398974798,7343.204461480727
2025-01-11 18:00:00,8701.271771369307,7603.444076344082
2025-01-11 19:00:00,8552.753489238698,7810.656740710242
2025-01-11 20:00:00,8220.041998898047,7751.181253523358
2025-01-11 21:00:00,7889.6216971124595,7600.835331657922
2025-01-11 22:00:00,7544.7606148926825,7524.82858895175
2025-01-11 23:00:00,7167.455081392025,6751.204516136033
2025-01-12 00:00:00,6801.479162752634,6124.60133874436
2025-01-12 01:00:00,6452.337321574375,6307.720240460177
2025-01-12 02:00:00,6268.547234508779,6728.789086473644
2025-01-12 03:00:00,6204.769406554033,7393.498182513877
2025-01-12 04:00:00,6293.704597841743,8021.315573823217
2025-01-12 05:00:00,6404.034436796107,7635.486232683627
2025-01-12 06:00:00,6333.32644015131,6937.10134762688
2025-01-12 07:00:00,6148.45105095474,6118.47379399413
2025-01-12 08:00:00,5732.873936997554,5635.598329134404
2025-01-12 09:00:00,5363.9113842361,5679.9526641953125
2025-01-12 10:00:00,5197.830700927991,5962.410829512877
2025-01-12 11:00:00,5190.391793619152,6076.565037797048
2025-01-12 12:00:00,5352.8965846711,6562.402952730106
2025-01-12 13:00:00,5612.3202486489745,6862.079012275286
2025-01-12 14:00:00,6159.638973630115,7376.581473590695
2025-01-12 15:00:00,7018.506987450639,8598.48387685766
2025-01-12 16:00:00,7948.577976141751,9809.441722468464
2025-01-12 17:00:00,8541.55345722164,10586.043861607071
2025-01-12 18:00:00,8692.848285143356,11369.871942731981
2025-01-12 19:00:00,8544.473691522777,11821.783992943943
2025-01-12 20:00:00,8212.084125060974,11643.00363699749
2025-01-12 21:00:00,7881.983001427894,10728.206144944592
2025-01-12 22:00:00,7537.455205873633,9398.668268684922
2025-01-12 23:00:00,7160.514629604473,8148.911568174211
2025-01-13 00:00:00,6794.892279247857,7252.687596463528
2025-01-13 01:00:00,6446.088029840966,6922.63483157647
2025-01-13 02:00:00,6262.475843511286,7143.840581111765
2025-01-13 03:00:00,6198.759819035851,7786.773909459117
2025-01-13 04:00:00,6287.609095892969,8781.25181130088
2025-01-13 05:00:00,6397.832375606773,9512.104052104653
2025-01-13 06:00:00,6327.193117959552,9296.474127019199
2025-01-13 07:00:00,6142.496657454762,9050.682443059097
2025-01-13 08:00:00,5727.321800758231,8793.644404519633
2025-01-13 09:00:00,5358.716454274604,8296.433795249099
2025-01-13 10:00:00,5192.7968644481725,7523.633840694364
2025-01-13 11:00:00,5185.3654896159815,6588.899629904429
2025-01-13 12:00:00,5347.71280017852,6074.937631955737
2025-01-13 13:00:00,5606.885277014659,6370.117222730535
2025-01-13 14:00:00,6153.674148823084,7117.764843973325
2025-01-13 15:00:00,7011.710721683464,8151.587950281821
2025-01-13 16:00:00,7940.881522896397,9375.889258568186
2025-01-13 17:00:00,8533.28380272833,9474.79123611013
2025-01-13 18:00:00,8684.432174929923,9902.220129185633
2025-01-13 19:00:00,8536.201200235042,9909.62183523191
2025-01-13 20:00:00,8204.133381331498,9177.014356535117
2025-01-13 21:00:00,7874.351597739691,8349.058512815762
2025-01-13 22:00:00,7530.157156452029,7909.562221896152
2025-01-13 23:00:00,7153.581410619903,7386.395585662326
2025-01-14 00:00:00,6788.312779656793,6873.7498388304875
2025-01-14 01:00:00,6439.846083390394,6765.522790761568
2025-01-14 02:00:00,6256.411655958969,6382.1149478665175
2025-01-14 03:00:00,6192.757341555001,6262.127386087877
2025-01-14 04:00:00,6281.5206636904695,6798.4430724806525
2025-01-14 05:00:00,6391.637319427689,6573.938732721282
2025-01-14 06:00:00,6321.0665570986375,6134.907991307216
2025-01-14 07:00:00,6136.548896992506,5826.523263212883
2025-01-14 08:00:00,5721.7759788424455,5780.313851285693
2025-01-14 09:00:00,5353.527511374398,5086.230614123995
2025-01-14 10:00:00,5187.768673589198,4749.136367995593
2025-01-14 11:00:00,5180.344613962816,4755.257259501534
2025-01-14 12:00:00,5342.534686054857,4972.923137368933
2025-01-14 13:00:00,5601.456224657291,5014.995016083278
2025-01-14 14:00:00,6147.715711990998,5310.05362323632
2025-01-14 15:00:00,7004.921566885443,6590.097035492445
2025-01-14 16:00:00,7933.192847149947,7611.235199941404
2025-01-14 17:00:00,8525.021890768381,7514.222424016427
2025-01-14 18:00:00,8676.023929724914,7714.573698551737
2025-01-14 19:00:00,8527.93646019339,7704.708920977365
2025-01-14 20:00:00,8196.190126563697,7626.3449436078645
2025-01-14 21:00:00,7866.727545105126,7192.219196944474
2025-01-14 22:00:00,7522.866277281648,6771.394236686931
2025-01-14 23:00:00,7146.655091056529,6072.919091793339
2025-01-15 00:00:00,6781.740016482792,5376.058118706975
2025-01-15 01:00:00,6433.610651366813,4801.817655281428
2025-01-15 02:00:00,6250.353821784756,5378.202391093764
2025-01-15 03:00:00,6186.761145494077,5664.956835568355
2025-01-15 04:00:00,6275.438551220834,6306.62870795377
2025-01-15 05:00:00,6385.44862514548,7362.426694542165
2025-01-15 06:00:00,6314.94622739298,7261.907824431876
2025-01-15 07:00:00,6130.607210916594,6932.44950217006
2025-01-15 08:00:00,5716.235867885389,6078.54490077123
2025-01-15 09:00:00,5348.343940658622,4879.387779617443
2025-01-15 10:00:00,5182.7456318144905,4373.86336083882
2025-01-15 11:00:00,5175.328803938851,3934.156097537137
2025-01-15 12:00:00,5337.361822369756,3937.318972099033
2025-01-15 13:00:00,5596.032667775786,4095.203056795198
2025-01-15 14:00:00,6141.763267075488,4346.383205866308
2025-01-15 15:00:00,6998.13917848639,4984.988474202988
2025-01-15 16:00:00,7925.511734154454,5824.172267964993
2025-01-15 17:00:00,8516.76788200207,6865.151611391202
2025-01-15 18:00:00,8667.623722366661,7378.821649020174
2025-01-15 19:00:00,8519.67962825353,7177.636277595416
2025-01-15 20:00:00,8188.254486538679,6670.961151427527
2025-01-15 21:00:00,7859.11086045482,6041.256919348994
2025-01-15 22:00:00,7515.582495143535,5833.914084319027
2025-01-15 23:00:00,7139.735545524871,5439.12142862553
2025-01-16 00:00:00,6775.1737502986725,5199.317079742219
2025-01-16 01:00:00,6427.381427853618,4828.16015312203
2025-01-16 02:00:00,6244.302028190586,4933.376849957149
2025-01-16 03:00:00,6180.770925893388,5334.470142682925
2025-01-16 04:00:00,6269.362482062652,6231.52858411263
2025-01-16 05:00:00,6379.266055156415,6714.200642334789
2025-01-16 06:00:00,6308.831932356952,6497.427578024895
2025-01-16 07:00:00,6124.671392490891,6012.359328215026
2025-01-16 08:00:00,5710.701245127553,5671.935511661937
2025-01-16 09:00:00,5343.165515393401,5031.272939482519
2025-01-16 10:00:00,5177.727555528245,4627.174327636667
2025-01-16 11:00:00,5170.317924623565,4196.81239815497
2025-01-16 12:00:00,5332.194053300933,4350.95089516247
2025-01-16 13:00:00,5590.614448990414,4996.593920267038
2025-01-16 14:00:00,6135.816666471705,5853.645308486239
2025-01-16 15:00:00,6991.363427113288,6717.846407404429
2025-01-16 16:00:00,7917.838101219064,7441.7588743835695
2025-01-16 17:00:00,8508.521829938749,8034.301373108869
2025-01-16 18:00:00,8659.231610706642,8572.175978812185
2025-01-16 19:00:00,8511.430756539357,8377.306081094026
2025-01-16 20:00:00,8180.3265022696705,8337.443380515133
2025-01-16 21:00:00,7851.5015454016375,7677.235949826471
2025-01-16 22:00:00,7508.305779060347,7422.727768121013
2025-01-16 23:00:00,7132.822724289663,7096.905556313559
2025-01-17 00:00:00,6768.613890102614,6354.645762506371
2025-01-17 01:00:00,6421.1582978668275,6275.762573735268
2025-01-17 02:00:00,6238.256157795451,6827.554911759506
2025-01-17 03:00:00,6174.786568259609,7269.480035795268
2025-01-17 04:00:00,6263.292352051202,8189.692825832036
2025-01-17 05:00:00,6373.0895193508395,8717.038108837762
2025-01-17 06:00:00,6302.723596876964,8881.210382698613
2025-01-17 07:00:00,6118.741362980035,8542.051128630777
2025-01-17 08:00:00,5705.172026245023,8441.046768491593
2025-01-17 09:00:00,5337.992150021832,8170.918335435285
2025-01-17 10:00:00,5172.714374959263,7394.786626031714
2025-01-17 11:00:00,5165.311923954048,6941.282050686441
2025-01-17 12:00:00,5327.03131908955,6561.646588466514
2025-01-17 13:00:00,5585.201507826418,6864.111310469552
2025-01-17 14:00:00,6129.875852944869,7078.642850595934
2025-01-17 15:00:00,6984.594261667801,8204.873818250517
2025-01-17 16:00:00,7910.171913688711,9395.55268194193
2025-01-17 17:00:00,8500.283749119997,9663.47579934797
2025-01-17 18:00:00,8650.847610778577,9688.788895865346
2025-01-17 19:00:00,8503.189859086855,9525.393159560592
2025-01-17 20:00:00,8172.406183943006,8711.541343970282
2025-01-17 21:00:00,7843.89959599152,7660.495513987431
2025-01-17 22:00:00,7501.036113422907,7411.461195670564
2025-01-17 23:00:00,7125.916605136321,7282.284376624936
2025-01-18 00:00:00,6762.0603988813455,6321.182108407313
2025-01-18 01:00:00,6414.941215871408,5303.553965939273
2025-01-18 02:00:00,6232.216164298261,5387.982479419412
2025-01-18 03:00:00,6168.808027378656,5958.8646178468525
2025-01-18 04:00:00,6257.228119677902,6910.328047380284
2025-01-18 05:00:00,6366.918981268731,7218.315676764974
2025-01-18 06:00:00,6296.621189987996,7472.293954636312
2025-01-18 07:00:00,6112.8170902081065,7016.557788059503
2025-01-18 08:00:00,5699.648177268403,5994.9696554098855
2025-01-18 09:00:00,5332.82381033841,4849.417722954695
2025-01-18 10:00:00,5167.706061739142,4099.489699900009
2025-01-18 11:00:00,5160.31078000697,3473.30716672449
2025-01-18 12:00:00,5321.873594919614,3045.246435064828
2025-01-18 13:00:00,5579.793819058109,3442.021955594094
2025-01-18 14:00:00,6123.94080213273,4110.24901288738
2025-01-18 15:00:00,6977.8316595253,5311.142237112528
2025-01-18 16:00:00,7902.513154384174,6832.42572713869
2025-01-18 17:00:00,8492.053639918951,7247.712930550102
2025-01-18 18:00:00,8642.471723411243,7838.27346284218
2025-01-18 19:00:00,8494.956936083578,8283.9292823964
2025-01-18 20:00:00,8164.493530537354,8648.01977648238
2025-01-18 21:00:00,7836.305006250025,8838.005664635766
2025-01-18 22:00:00,7493.7734882159,9069.463508189512
2025-01-18 23:00:00,7119.017175863968,8988.16778412004
2025-01-19 00:00:00,6755.513259261885,8477.77481798997
2025-01-19 01:00:00,6408.730161595614,7649.2950106160215
2025-01-19 02:00:00,6226.182027254315,7226.413125714509
2025-01-19 03:00:00,6162.8352832378605,7013.329513325862
2025-01-19 04:00:00,6251.169766226698,7134.7140142928065
2025-01-19 05:00:00,6360.754423966842,7148.26967813678
2025-01-19 06:00:00,6290.524696786082,7083.970339699595
2025-01-19 07:00:00,6106.898558937013,6391.645469128221
2025-01-19 08:00:00,5694.129682546231,5378.1432922630365
2025-01-19 09:00:00,5327.660480817939,4529.491278131348
2025-01-19 10:00:00,5162.702602561225,4188.574932853094
2025-01-19 11:00:00,5155.314481824133,3797.267281472795
2025-01-19 12:00:00,5316.720868687384,4501.885396563699
2025-01-19 13:00:00,5574.391370283573,5207.761601999478
2025-01-19 14:00:00,6118.011501632731,5712.857209878376
2025-01-19 15:00:00,6971.075608421406,7091.1714767690155
2025-01-19 16:00:00,7894.861812486895,8636.8212966945
2025-01-19 17:00:00,8483.831497560188,9324.869043258763
2025-01-19 18:00:00,8634.103943907949,10203.609141890794
2025-01-19 19:00:00,8486.731982684923,9981.323168801164
2025-01-19 20:00:00,8156.588536959537,9834.247654636863
2025-01-19 21:00:00,7828.7177694722495,9459.63653768694
2025-01-19 22:00:00,7486.517895462782,9318.511045122144
2025-01-19 23:00:00,7112.124427917867,9015.094746628218
2025-01-20 00:00:00,6748.972461018538,8765.13954748533
2025-01-20 01:00:00,6402.5251239599775,8788.40135795923
2025-01-20 02:00:00,6220.153735626811,9163.99093256152
2025-01-20 03:00:00,6156.868324994195,9281.545375792939
2025-01-20 04:00:00,6245.117281275078,9769.855830352148
2025-01-20 05:00:00,6354.595837604087,9706.569630761336
2025-01-20 06:00:00,6284.434108212473,8717.322808962539
2025-01-20 07:00:00,6100.985760092675,7458.664513455992
2025-01-20 08:00:00,5688.616533092791,6418.44120827805
2025-01-20 09:00:00,5322.502152732561,5701.484510740743
2025-01-20 10:00:00,5157.703989599973,5406.618075739029
2025-01-20 11:00:00,5150.323022438441,5080.079663949222
2025-01-20 12:00:00,5311.573132915766,5358.944340393873
2025-01-20 13:00:00,5568.9941537682525,6305.952370452725
2025-01-20 14:00:00,6112.0879433956925,7082.663151578267
2025-01-20 15:00:00,6964.32609986386,8302.381095069833
2025-01-20 16:00:00,7887.21787949624,9192.961002119833
2025-01-20 17:00:00,8475.617315400448,9789.639962424677
2025-01-20 18:00:00,8625.74426556717,10485.228149195713
2025-01-20 19:00:00,8478.514992220798,10361.487873750882
2025-01-20 20:00:00,8148.691196639978,9801.394355605678
2025-01-20 21:00:00,7821.137878692014,8823.772979391197
2025-01-20 22:00:00,7479.26932793276,8069.543299727944
2025-01-20 23:00:00,7105.238354073446,7177.676426283808
2025-01-21 00:00:00,6742.437996528997,6508.236760685376
2025-01-21 01:00:00,6396.326095232014,6749.096464164615
2025-01-21 02:00:00,6214.131281804248,7480.759301482986
2025-01-21 03:00:00,6150.90714514323,8337.730832905223
2025-01-21 04:00:00,6239.070657420523,9500.166761954564
2025-01-21 05:00:00,6348.4432149261065,9928.43253390557
2025-01-21 06:00:00,6278.349417337933,9626.79329662281
2025-01-21 07:00:00,6095.078686846375,8723.062552684969
2025-01-21 08:00:00,5683.108722349982,7578.426853525751
2025-01-21 09:00:00,5317.348819829696,6262.3022088865955
2025-01-21 10:00:00,5152.7102170263015,5444.452105561929
2025-01-21 11:00:00,5145.3363963373085,5042.584943054093
2025-01-21 12:00:00,5306.430381813428,4814.0606505919795
2025-01-21 13:00:00,5563.602163478295,4827.820319640369
2025-01-21 14:00:00,6106.170120959248,5079.506212610123
2025-01-21 15:00:00,6957.583126736265,5799.293865822986
2025-01-21 16:00:00,7879.581347759042,6468.768874977145
2025-01-21 17:00:00,8467.411086121845,6866.993818469462
2025-01-21 18:00:00,8617.392680963005,7426.42228174525
2025-01-21 19:00:00,8470.305957361881,7807.329413307346
2025-01-21 20:00:00,8140.801502476661,7566.833445813459
2025-01-21 21:00:00,7813.565326852486,7263.400083184257
2025-01-21 22:00:00,7472.0277786704655,7607.921350285784
2025-01-21 23:00:00,7098.358947593911,7719.349497858072
2025-01-22 00:00:00,6735.909859121619,7515.753191366982
2025-01-22 01:00:00,6390.133068900178,7922.250274989907
2025-01-22 02:00:00,6208.114659424453,8175.889518821435
2025-01-22 03:00:00,6144.9517373983,8608.812018250264
2025-01-22 04:00:00,6233.029888362447,9262.138568769902
2025-01-22 05:00:00,6342.296549622951,9385.982026402758
2025-01-22 06:00:00,6272.270618011302,9003.088853606785
2025-01-22 07:00:00,6089.177333189493,8687.170260846984
2025-01-22 08:00:00,5677.606244645864,8287.33680516023
2025-01-22 09:00:00,5312.200476760052,7208.869372320346
2025-01-22 10:00:00,5147.721279740162,6508.526039534851
2025-01-22 11:00:00,5140.354598540069,5724.594674990417
2025-01-22 12:00:00,5301.29261020515,5236.535882752388
2025-01-22 13:00:00,5558.215394001547,5414.207673270204
2025-01-22 14:00:00,6100.25802844161,5756.931252773596
2025-01-22 15:00:00,6950.846682426565,6953.904375424585
2025-01-22 16:00:00,7871.952209934799,8251.857232099954
2025-01-22 17:00:00,8459.212802165863,8878.800930590842
2025-01-22 18:00:00,8609.049182410916,9149.487523304315
2025-01-22 19:00:00,8462.104870543828,9572.319383828844
2025-01-22 20:00:00,8132.919447178477,9592.290545328393
2025-01-22 21:00:00,7806.000106868234,9298.475773143966
2025-01-22 22:00:00,7464.793240824889,9310.786034043307
2025-01-22 23:00:00,7091.486201923843,8954.783807121743
2025-01-23 00:00:00,6729.38804247429,8447.433194939767
2025-01-23 01:00:00,6383.946038900545,8367.327599473447
2025-01-23 02:00:00,6202.103862583093,8513.520216012841
2025-01-23 03:00:00,6139.002095919069,8380.877110659376
2025-01-23 04:00:00,6226.994968204517,8332.442297435451
2025-01-23 05:00:00,6336.155835731688,8131.807305691058
2025-01-23 06:00:00,6266.197704367899,7254.459292322986
2025-01-23 07:00:00,6083.281693415086,6476.051475400473
2025-01-23 08:00:00,5672.109094633972,6261.908866104587
2025-01-23 09:00:00,5307.057118505842,5172.098839191164
2025-01-23 10:00:00,5142.737172909548,4921.666473591347
2025-01-23 11:00:00,5135.377624262397,4666.4486414102
2025-01-23 12:00:00,5296.159813142776,4812.923709034957
2025-01-23 13:00:00,5552.833840155094,5411.6091783670545
2025-01-23 14:00:00,6094.351660175571,6471.034888756824
2025-01-23 15:00:00,6944.116760510029,8304.1581425269
2025-01-23 16:00:00,7864.330458801139,9604.859899562456
2025-01-23 17:00:00,8451.022455891209,9876.459192352133
2025-01-23 18:00:00,8600.713762137115,10377.540664323125
2025-01-23 19:00:00,8453.911724121539,10437.435032083764
2025-01-23 20:00:00,8125.045023390078,9821.119983454144
2025-01-23 21:00:00,7798.442211647786,9026.140279903828
2025-01-23 22:00:00,7457.565707587148,8633.767537255975
2025-01-23 23:00:00,7084.620110577771,8078.355373650716
2025-01-24 00:00:00,6722.872540395811,7656.479910328049
2025-01-24 01:00:00,6377.764999335608,7513.956720876118
2025-01-24 02:00:00,6196.098885545876,7825.458551406734
2025-01-24 03:00:00,6133.058215031015,8018.42946672588
2025-01-24 04:00:00,6220.9658912009545,8315.054495443434
2025-01-24 05:00:00,6330.021067419191,8639.924904272335
2025-01-24 06:00:00,6260.130670650793,8788.365683498203
2025-01-24 07:00:00,6077.391761929381,8171.895966539789
2025-01-24 08:00:00,5666.617267089434,7606.042668336756
2025-01-24 09:00:00,5301.91874017285,7234.746976685904
2025-01-24 10:00:00,5137.757891802839,6987.198867036871
2025-01-24 11:00:00,5130.40546879427,6657.742760066929
2025-01-24 12:00:00,5291.031985763708,6395.589340716174
2025-01-24 13:00:00,5547.457496842506,6684.627744317653
2025-01-24 14:00:00,6088.45101057539,7187.6006038187625
2025-01-24 15:00:00,6937.393354633957,8636.053581948518
2025-01-24 16:00:00,7856.716087183068,9819.587194640206
2025-01-24 17:00:00,8442.84003963123,10418.80341175562
2025-01-24 18:00:00,8592.38641234019,11146.285192312602
2025-01-24 19:00:00,8445.726510425317,10970.5562690251
2025-01-24 20:00:00,8117.178223737349,10200.008034889675
2025-01-24 21:00:00,7790.891634101881,9427.363429887324
2025-01-24 22:00:00,7450.345172167899,8752.567996991287
2025-01-24 23:00:00,7077.76066709966,8008.317627386098
2025-01-25 00:00:00,6716.363346746381,7326.911619870179
2025-01-25 01:00:00,6371.589944371968,6836.733074256603
2025-01-25 02:00:00,6190.099722643825,7136.22889940321
2025-01-25 03:00:00,6127.120089123355,7839.638027702014
2025-01-25 04:00:00,6214.942651664219,8233.272700653628
2025-01-25 05:00:00,6323.892238903074,8106.520322795056
2025-01-25 06:00:00,6254.069511145726,7532.157916183896
2025-01-25 07:00:00,6071.507533183138,6600.951262988988
2025-01-25 08:00:00,5661.130756834742,5901.414763965839
2025-01-25 09:00:00,5296.785336914752,5565.933391767384
2025-01-25 10:00:00,5132.783431727792,6072.624870451044
2025-01-25 11:00:00,5125.4381274555535,6243.7632645349
2025-01-25 12:00:00,5285.909123239426,6463.374764559836
2025-01-25 13:00:00,5542.086359001924,6705.283759270489
2025-01-25 14:00:00,6082.556074088366,7298.99248108198
2025-01-25 15:00:00,6930.676458475731,8069.674434030243
2025-01-25 16:00:00,7849.109087927227,8351.588242184616
2025-01-25 17:00:00,8434.665545714774,8817.394402008485
2025-01-25 18:00:00,8584.067125213493,8953.968839056717
2025-01-25 19:00:00,8437.549221781224,8936.511857186015
2025-01-25 20:00:00,8109.3190408438595,8988.136162649824
2025-01-25 21:00:00,7783.348367146393,8816.856175651412
2025-01-25 22:00:00,7443.131627789047,8793.516313648513
2025-01-25 23:00:00,7070.907865048117,8600.437231911446
2025-01-26 00:00:00,6709.8604554086305,8356.845472486251
2025-01-26 01:00:00,6365.420868203088,8008.337476310405
2025-01-26 02:00:00,6184.106368235165,7752.724670404772
2025-01-26 03:00:00,6121.187712611904,8191.064496850187
2025-01-26 04:00:00,6208.9252439314205,8526.008134911892
2025-01-26 05:00:00,6317.769344422948,8165.291010958916
2025-01-26 06:00:00,6248.0142201574745,7684.848264682895
2025-01-26 07:00:00,6065.629001646738,7265.475491500068
2025-01-26 08:00:00,5655.649558712814,7153.276495800404
2025-01-26 09:00:00,5291.656903905628,7073.4816346735915
2025-01-26 10:00:00,5127.813788009369,7390.074193047861
2025-01-26 11:00:00,5120.475595579861,7248.500076995242
2025-01-26 12:00:00,5280.79122075677,6946.951049647299
2025-01-26 13:00:00,5536.720421587166,6901.906855952895
2025-01-26 14:00:00,6076.6668451772275,7349.30478417696
2025-01-26 15:00:00,6923.966065727566,8354.499350284466
2025-01-26 16:00:00,7841.509453892524,9064.133163478838
2025-01-26 17:00:00,8426.498966473779,9536.087062019262
2025-01-26 18:00:00,8575.755892953275,10318.08260331125
2025-01-26 19:00:00,8429.379850518526,10387.276965112422
2025-01-26 20:00:00,8101.467467336908,9821.219695536862
2025-01-26 21:00:00,7775.812403703453,9486.961294722027
2025-01-26 22:00:00,7435.925067680787,8585.070308049058
2025-01-26 23:00:00,7064.0616979910665,7806.624667576628
2025-01-27 00:00:00,6703.363860277135,7659.392183827975
2025-01-27 01:00:00,6359.257765035792,7873.520970635866
2025-01-27 02:00:00,6178.118816691507,8190.908430145296
2025-01-27 03:00:00,6115.261079925608,8690.174949620425
2025-01-27 04:00:00,6202.913662352135,9134.670325201178
2025-01-27 05:00:00,6311.652378229977,9286.58554823775
2025-01-27 06:00:00,6241.964792001241,8917.243589794984
2025-01-27 07:00:00,6059.756161801093,7929.1820118840715
2025-01-27 08:00:00,5650.17366757716,6846.155050450044
2025-01-27 09:00:00,5286.533436329941,5892.428602725839
2025-01-27 10:00:00,5122.848955981669,5465.781469919991
2025-01-27 11:00:00,5115.5178685086785,5242.125965349393
2025-01-27 12:00:00,5275.678273511125,5447.472691946875
2025-01-27 13:00:00,5531.359679560853,5558.559964041902
2025-01-27 14:00:00,6070.7833183137145,5984.223470039626
2025-01-27 15:00:00,6917.2621700909385,6983.131001965306
2025-01-27 16:00:00,7833.91717794672,7555.867150697571
2025-01-27 17:00:00,8418.340294246027,7612.775544735656
2025-01-27 18:00:00,8567.452707761651,8185.275052382133
2025-01-27 19:00:00,8421.218388972364,8332.720833032257
2025-01-27 20:00:00,8093.623495849673,8023.81190838148
2025-01-27 21:00:00,7768.283736701808,7830.321509989198
2025-01-27 22:00:00,7428.725485080476,7699.407776300673
2025-01-27 23:00:00,7057.222159503763,7448.558944779947
2025-01-28 00:00:00,6696.873555254559,7268.9621648775
2025-01-28 01:00:00,6353.10062908532,6987.9421512234685
2025-01-28 02:00:00,6172.137062392781,6649.359674830452
2025-01-28 03:00:00,6109.3401855016,6608.4300232374735
2025-01-28 04:00:00,6196.907901283941,6678.930743399338
2025-01-28 05:00:00,6305.541334583064,6742.860041713154
2025-01-28 06:00:00,6235.921220999524,6696.008761219509
2025-01-28 07:00:00,6053.889008134345,6472.141511050727
2025-01-28 08:00:00,5644.703078288308,6468.642223661744
2025-01-28 09:00:00,5281.414929378891,6119.145383956056
2025-01-28 10:00:00,5117.888930984979,5970.621860632262
2025-01-28 11:00:00,5110.564941589223,5441.339899225342
2025-01-28 12:00:00,5270.570276703944,4493.003219632705
2025-01-28 13:00:00,5526.004127891909,4912.245983660794
2025-01-28 14:00:00,6064.905487976249,5901.757426392244
2025-01-28 15:00:00,6910.564765274577,6624.7329263321735
2025-01-28 16:00:00,7826.332252965182,7454.14467047982
2025-01-28 17:00:00,8410.18952137614,7623.15776121802
2025-01-28 18:00:00,8559.157561847658,7618.9567622916875
2025-01-28 19:00:00,8413.06482948473,7764.429029482239
2025-01-28 20:00:00,8085.787119022006,7156.528433155624
2025-01-28 21:00:00,7760.762359076964,6649.674633521876
2025-01-28 22:00:00,7421.53287323224,6410.784932271501
2025-01-28 23:00:00,7050.389243168076,6177.092102208409
2025-01-29 00:00:00,6690.389534250255,5492.336752412673
2025-01-29 01:00:00,6346.949454573527,5178.559048947223
2025-01-29 02:00:00,6166.161099725396,4955.956439796515
2025-01-29 03:00:00,6103.42502378341,4805.060373062751
2025-01-29 04:00:00,6190.907955090788,4758.575472319302
2025-01-29 05:00:00,6299.436207747438,4776.3391471753
2025-01-29 06:00:00,6229.883501480945,4623.230301779657
2025-01-29 07:00:00,6048.027535140635,3700.737495019151
2025-01-29 08:00:00,5639.237785712483,2906.7700274216013
2025-01-29 09:00:00,5276.301378249076,2447.409108799264
2025-01-29 10:00:00,5112.9337083646915,2354.5476151696434
2025-01-29 11:00:00,5105.616810173645,1843.4684802013437
2025-01-29 12:00:00,5265.467225541832,1917.4538773053898
2025-01-29 13:00:00,5520.653761554646,2588.991497963644
2025-01-29 14:00:00,6059.0333486490845,3534.0614141378596
2025-01-29 15:00:00,6903.87384499373,4334.123506441469
2025-01-29 16:00:00,7818.754671830449,5086.8599012813365
2025-01-29 17:00:00,8402.04664021596,5660.339031755637
2025-01-29 18:00:00,8550.87044742768,6156.639677881007
2025-01-29 19:00:00,8404.919164404859,6652.228658873677
2025-01-29 20:00:00,8077.958329500744,6900.0943572000215
2025-01-29 21:00:00,7753.248263771261,6955.232072095012
2025-01-29 22:00:00,7414.347225386857,7165.825988370815
2025-01-29 23:00:00,7043.562942572264,7367.983700266397
2025-01-30 00:00:00,6683.911791179782,7283.008875045544
2025-01-30 01:00:00,6340.804235728249,7111.016662663911
2025-01-30 02:00:00,6160.190923081595,6732.8303113311895
2025-01-30 03:00:00,6097.515589220342,6215.873755620142
2025-01-30 04:00:00,6184.91381814244,6576.897180024334
2025-01-30 05:00:00,6293.336991994193,7213.1632060436405
2025-01-30 06:00:00,6223.851627779878,6744.512110576969
2025-01-30 07:00:00,6042.171737319713,5571.280303801102
2025-01-30 08:00:00,5633.777784721184,4539.193137597712
2025-01-30 09:00:00,5271.192778142047,3438.661682257332
2025-01-30 10:00:00,5107.983283470956,2975.7048992460623
2025-01-30 11:00:00,5100.6734696187805,2383.8512829653673
2025-01-30 12:00:00,5260.369115236241,2485.675201234144
2025-01-30 13:00:00,5515.308575528446,2507.942184937271
2025-01-30 14:00:00,6053.166894822005,3174.0298754559312
2025-01-30 15:00:00,6897.189402969887,4367.24836244065
2025-01-30 16:00:00,7811.184427432042,5331.121791262298
2025-01-30 17:00:00,8393.911643124655,5911.149507648441
2025-01-30 18:00:00,8542.591356725543,5945.564863778705
2025-01-30 19:00:00,8396.7813860893,5739.760084348551
2025-01-30 20:00:00,8070.137119939774,5475.893118075817
2025-01-30 21:00:00,7745.741443733848,6052.5654485964415
2025-01-30 22:00:00,7407.168534801645,7085.065799849313
2025-01-30 23:00:00,7036.743251310825,7611.379194676831
2025-01-31 00:00:00,6677.440319964682,7600.538782559521
2025-01-31 01:00:00,6334.664966783035,7911.729002568142
2025-01-31 02:00:00,6154.226526859176,8411.179050768356
2025-01-31 03:00:00,6091.611876267191,8946.59535379582
2025-01-31 04:00:00,6178.925484814219,9041.534780202972
2025-01-31 05:00:00,6287.243681600066,8824.698955477224
2025-01-31 06:00:00,6217.825594236263,7601.261397247048
2025-01-31 07:00:00,6036.321609176738,6145.747851773223
2025-01-31 08:00:00,5628.32307019096,5081.532656973088
2025-01-31 09:00:00,5266.089124264088,4203.51474112516
2025-01-31 10:00:00,5103.037651658489,3933.1176391151616
2025-01-31 11:00:00,5095.734915286006,3290.1461273096365
2025-01-31 12:00:00,5255.27594100331,2750.3067964577103
2025-01-31 13:00:00,5509.968564797607,2536.6135739186448
2025-01-31 14:00:00,6047.306120990177,2326.472644716853
2025-01-31 15:00:00,6890.511432930658,3274.418270668351
2025-01-31 16:00:00,7803.6215126663865,4845.829231656909
2025-01-31 17:00:00,8385.784522468744,5732.590468497197
2025-01-31 18:00:00,8534.320281972556,6186.62997735869
2025-01-31 19:00:00,8388.651486901956,5989.787754343142
2025-01-31 20:00:00,8062.323483000042,5894.756681490929
2025-01-31 21:00:00,7738.241891920674,5390.323352590688
2025-01-31 22:00:00,7399.996794740449,5441.270828823572
2025-01-31 23:00:00,7029.9301629844695,5575.478053080116
2025-02-01 00:00:00,6670.975114532403,5778.686066487107
2025-02-01 01:00:00,6328.531641977048,5827.0258048191345
2025-02-01 02:00:00,6148.267905461392,6240.62635577364
2025-02-01 03:00:00,6085.713879384153,6604.671169428578
2025-02-01 04:00:00,6172.942949486923,7725.365784132869
2025-02-01 05:00:00,6281.156270847352,8605.548821891034
2025-02-01 06:00:00,6211.805395195527,8921.630365794801
2025-02-01 07:00:00,6030.477145222198,8144.615140069596
2025-02-01 08:00:00,5622.873637003331,7235.726733036942
2025-02-01 09:00:00,5260.990411826138,6783.668384167543
2025-02-01 10:00:00,5098.0968082865165,7138.6938111162135
2025-02-01 11:00:00,5090.801142541193,6828.852840216843
2025-02-01 12:00:00,5250.187698063824,6291.655200447269
2025-02-01 13:00:00,5504.63372435129,6656.311679941388
2025-02-01 14:00:00,6041.4510216541075,6773.295114760047
2025-02-01 15:00:00,6883.839928609739,7086.289791509458
2025-02-01 16:00:00,7796.065920436802,7617.460214302022
2025-02-01 17:00:00,8377.665270622143,7874.270392645356
2025-02-01 18:00:00,8526.057215407556,8101.7420669059475
2025-02-01 19:00:00,8380.529459214144,7947.898304041701
2025-02-01 20:00:00,8054.517411349639,7713.75358333817
2025-02-01 21:00:00,7730.749601294545,7003.183082557904
2025-02-01 22:00:00,7392.831998473674,7012.6522416319
2025-02-01 23:00:00,7023.123671200141,7315.627950869082
2025-02-02 00:00:00,6664.5161688163225,7755.853367083193
2025-02-02 01:00:00,6322.404255555084,7870.093801690485
2025-02-02 02:00:00,6142.315053296974,8055.294384841123
2025-02-02 03:00:00,6079.821593036849,7976.36041032879
2025-02-02 04:00:00,6166.966206546845,8114.17739946701
2025-02-02 05:00:00,6275.074754023932,7962.342745318062
2025-02-02 06:00:00,6205.791025008622,7421.322342350907
2025-02-02 07:00:00,6024.638339971943,7051.730786951703
2025-02-02 08:00:00,5617.42948004483,6518.750617732493
2025-02-02 09:00:00,5255.896636043829,5918.227628402165
2025-02-02 10:00:00,5093.160748718807,5761.516885941695
2025-02-02 11:00:00,5085.872146754747,5838.998213152013
2025-02-02 12:00:00,5245.104381643239,6114.482859653872
2025-02-02 13:00:00,5499.304049183558,6369.76465036819
2025-02-02 14:00:00,6035.601591319673,6804.5611675299315
2025-02-02 15:00:00,6877.174883746933,7795.331514192739
2025-02-02 16:00:00,7788.517643653502,8180.490443072147
2025-02-02 17:00:00,8369.553879966155,8034.408734262743
2025-02-02 18:00:00,8517.8021492769,7515.526474980477
2025-02-02 19:00:00,8372.415295404557,6905.254915243714
2025-02-02 20:00:00,8046.718897663729,7255.509762834263
2025-02-02 21:00:00,7723.264564825061,7510.549846584058
2025-02-02 22:00:00,7385.674139278224,7908.8200547195065
2025-02-02 23:00:00,7016.323769570959,8182.813159765917
2025-02-03 00:00:00,6658.06347675568,8301.55295126439
2025-02-03 01:00:00,6316.282801767504,8285.12004698473
2025-02-03 02:00:00,6136.367964780056,8345.807175940414
2025-02-03 03:00:00,6073.935011696243,8250.464041882697
2025-02-03 04:00:00,6160.995250385702,8344.275373801804
2025-02-03 05:00:00,6268.999125423213,8159.033955957556
2025-02-03 06:00:00,6199.782478031961,7463.821713023037
2025-02-03 07:00:00,6018.805187947129,6619.763285206383
2025-02-03 08:00:00,5611.9905942069245,5603.412056838673
2025-02-03 09:00:00,5250.807792137409,4756.503777220947
2025-02-03 10:00:00,5088.229468323605,4966.889373921084
2025-02-03 11:00:00,5080.947923301541,5738.447957625084
2025-02-03 12:00:00,5240.025986971623,6742.394489675849
2025-02-03 13:00:00,5493.9795342933085,7251.136184130176
2025-02-03 14:00:00,6029.757824498056,8036.563986196121
2025-02-03 15:00:00,6870.516292088086,9148.694835681932
2025-02-03 16:00:00,7780.976675233551,9706.16251160559
2025-02-03 17:00:00,8361.450342889453,9826.531096942108
2025-02-03 18:00:00,8509.555075834442,9700.114495798214
2025-02-03 19:00:00,8364.308987859265,9180.634789585072
2025-02-03 20:00:00,8038.927934624573,8444.347666761645
2025-02-03 21:00:00,7715.786775488632,7838.164006505115
2025-02-03 22:00:00,7378.5232104375145,8009.978797273331
2025-02-03 23:00:00,7009.530451716227,8044.944766426067
2025-02-04 00:00:00,6651.617032295584,8167.748658889093
2025-02-04 01:00:00,6310.167274870228,8222.236092865525
2025-02-04 02:00:00,6130.426634330173,8114.55771205946
2025-02-04 03:00:00,6068.054129838647,8189.010163295138
2025-02-04 04:00:00,6155.030075400629,8785.911661869983
2025-02-04 05:00:00,6262.929379344108,8875.852384129128
2025-02-04 06:00:00,6193.779748627405,8657.261638366414
2025-02-04 07:00:00,6012.9776836741985,8527.011029569489
2025-02-04 08:00:00,5606.556974386022,8156.325703086523
2025-02-04 09:00:00,5245.723875331748,7128.528250527773
2025-02-04 10:00:00,5083.302962473628,6642.842198309904
2025-02-04 11:00:00,5076.028467560914,6074.511819359321
2025-02-04 12:00:00,5234.952509283647,5991.975872449267
2025-02-04 13:00:00,5488.660174684265,6205.3194061832555
2025-02-04 14:00:00,6023.919715705742,6919.832402616658
2025-02-04 15:00:00,6863.864147385094,7752.121619226932
2025-02-04 16:00:00,7773.44300810087,7871.828646658491
2025-02-04 17:00:00,8353.354651788071,7827.014136798565
2025-02-04 18:00:00,8501.31598734153,8070.487821009769
2025-02-04 19:00:00,8356.210528971711,7789.84649952252
2025-02-04 20:00:00,8031.144514921513,7316.97511841148
2025-02-04 21:00:00,7708.316226268467,6689.111788619818
2025-02-04 22:00:00,7371.379205241461,6772.450513497842
2025-02-04 23:00:00,7002.743711261425,7139.871042339932
2025-02-05 00:00:00,6645.176829387002,7352.390738584279
2025-02-05 01:00:00,6304.057669124746,7328.93029750547
2025-02-05 02:00:00,6124.491056372275,7008.350480489571
2025-02-05 03:00:00,6062.178941945733,7116.529254316862
2025-02-05 04:00:00,6149.070675994204,7241.803360413129
2025-02-05 05:00:00,6256.865510091071,7738.484031878581
2025-02-05 06:00:00,6187.782831162287,7212.765652497378
2025-02-05 07:00:00,6007.155821684905,6288.8966014997095
2025-02-05 08:00:00,5601.128615483476,5600.173231404257
2025-02-05 09:00:00,5240.644880856342,4940.22704109002
2025-02-05 10:00:00,5078.38122654608,5080.957847564985
2025-02-05 11:00:00,5071.113774916686,4939.688678898835
2025-02-05 12:00:00,5229.883943818604,5293.668028745092
2025-02-05 13:00:00,5483.345965364998,5421.342140831049
2025-02-05 14:00:00,6018.087259464533,5520.90924678523
2025-02-05 15:00:00,6857.218443395905,6048.378308111109
2025-02-05 16:00:00,7765.9166351862295,6806.723005702325
2025-02-05 17:00:00,8345.2667990654,7186.298717008796
2025-02-05 18:00:00,8493.084876066998,7878.871851879659
2025-02-05 19:00:00,8348.119911142687,8333.900798235563
2025-02-05 20:00:00,8023.368631250965,8548.952754954962
2025-02-05 21:00:00,7700.852910154569,8415.303523989127
2025-02-05 22:00:00,7364.2421169864865,8430.52348635424
2025-02-05 23:00:00,6995.963541838217,8501.401133075555
2025-02-06 00:00:00,6638.74286198677,8576.789840996697
2025-02-06 01:00:00,6297.953978798105,8675.887423176162
2025-02-06 02:00:00,6118.5612253367035,8214.397903627647
2025-02-06 03:00:00,6056.309442504509,8315.27930914365
2025-02-06 04:00:00,6143.117046574414,8390.256476447064
2025-02-06 05:00:00,6250.807511974061,8471.958791774798
2025-02-06 06:00:00,6181.791720009394,7975.260985427907
2025-02-06 07:00:00,6001.3395965163,7588.996523500196
2025-02-06 08:00:00,5595.7055124055805,7013.586875624471
2025-02-06 09:00:00,5235.570803945312,6555.833851232229
2025-02-06 10:00:00,5073.464255922645,7025.777533920062
2025-02-06 11:00:00,5066.203840757153,7035.211670756318
2025-02-06 12:00:00,5224.820285820404,6810.251186632351
2025-02-06 13:00:00,5478.036901348916,6654.565891710862
2025-02-06 14:00:00,6012.260450301541,7266.632851655641
2025-02-06 15:00:00,6850.57917388452,8573.66827693268
2025-02-06 16:00:00,7758.397549427253,9570.726058109354
2025-02-06 17:00:00,8337.186777132201,10326.488096253806
2025-02-06 18:00:00,8484.861734287178,10594.51072001359
2025-02-06 19:00:00,8340.037126780353,9990.60762882411
2025-02-06 20:00:00,8015.60027631642,9359.109110535965
2025-02-06 21:00:00,7693.396820143723,8923.929297636885
2025-02-06 22:00:00,7357.111938975488,8480.823900545687
2025-02-06 23:00:00,6989.189937084417,8603.682428416736
2025-02-07 00:00:00,6632.315124057563,8632.266991934288
2025-02-07 01:00:00,6291.856198162899,8534.758153046976
2025-02-07 02:00:00,6112.637135659199,8287.343726471428
2025-02-07 03:00:00,6050.445626007329,8175.556493192199
2025-02-07 04:00:00,6137.169181554671,8299.417900645225
2025-02-07 05:00:00,6244.755379308553,8581.500848113566
2025-02-07 06:00:00,6175.806409546968,8863.731808807894
2025-02-07 07:00:00,5995.529002710731,9003.388880383704
2025-02-07 08:00:00,5590.287660063572,8164.904345233012
2025-02-07 09:00:00,5230.501639837405,7070.025954129737
2025-02-07 10:00:00,5068.55204598949,7036.501297009616
2025-02-07 11:00:00,5061.298660475079,6601.9308997822745
2025-02-07 12:00:00,5219.761530537563,6262.575425535651
2025-02-07 13:00:00,5472.732977654258,5892.071841591328
2025-02-07 14:00:00,6006.439282749176,6060.7349125600085
2025-02-07 15:00:00,6843.946332620981,6645.690110479489
2025-02-07 16:00:00,7750.8857437684055,7377.131903543056
2025-02-07 17:00:00,8329.114578406583,7954.625978998302
2025-02-07 18:00:00,8476.646554285882,8822.987992371907
2025-02-07 19:00:00,8331.962168300224,9004.796897511782
2025-02-07 20:00:00,8007.839442828435,9236.560575487947
2025-02-07 21:00:00,7685.9479492394985,8653.862300797788
2025-02-07 22:00:00,7349.988664517856,8177.149095293248
2025-02-07 23:00:00,6982.422890644003,7524.579529682457
2025-02-08 00:00:00,6625.893609567902,7060.073263582293
2025-02-08 01:00:00,6285.764321497264,6771.308459663774
2025-02-08 02:00:00,6106.718781780879,6229.673913626233
2025-02-08 03:00:00,6044.587486951869,5760.517565077161
2025-02-08 04:00:00,6131.227075353783,5328.743320383629
2025-02-08 05:00:00,6238.7091064155165,5220.653417987266
2025-02-08 06:00:00,6169.826894158679,4697.4374659114055
2025-02-08 07:00:00,5989.724034815815,4215.170855871945
2025-02-08 08:00:00,5584.8750533735965,3917.4770016382436
2025-02-08 09:00:00,5225.437383775958,3511.1889865715416
2025-02-08 10:00:00,5063.6445921372315,4277.865011334984
2025-02-08 11:00:00,5056.398229467679,4519.966958316201
2025-02-08 12:00:00,5214.707673223189,4426.6881863754215
2025-02-08 13:00:00,5467.434189304078,3837.542059561703
2025-02-08 14:00:00,6000.623751345135,4218.03220234892
2025-02-08 15:00:00,6837.319913381349,5160.84270719698
2025-02-08 16:00:00,7743.381211160972,6153.945690754168
2025-02-08 17:00:00,8321.050195313986,6585.699687366859
2025-02-08 18:00:00,8468.439328354385,7317.56654564122
2025-02-08 19:00:00,8323.895028125153,7517.905822862582
2025-02-08 20:00:00,8000.0861235046195,7638.838112114002
2025-02-08 21:00:00,7678.506290452239,7247.048308842423
2025-02-08 22:00:00,7342.872286929458,7416.198252867781
2025-02-08 23:00:00,6975.66239616711,7430.610490851937
2025-02-09 00:00:00,6619.478312492155,7138.350337635495
2025-02-09 01:00:00,6279.678343084884,6869.811134063325
2025-02-09 02:00:00,6100.8061581482525,6905.739554658811
2025-02-09 03:00:00,6038.735019841142,6840.322030775793
2025-02-09 04:00:00,6125.290722395974,7076.494694528112
2025-02-09 05:00:00,6232.66868762143,8036.224963828075
2025-02-09 06:00:00,6163.853168233646,8154.359003990906
2025-02-09 07:00:00,5983.924687384457,7872.424590376689
2025-02-09 08:00:00,5579.4676872567325,7177.687358046213
2025-02-09 09:00:00,5220.378031008922,6126.444858527618
2025-02-09 10:00:00,5058.741889760955,5681.809537928312
2025-02-09 11:00:00,5051.502543136629,5027.273318620839
2025-02-09 12:00:00,5209.658709134988,4822.275044017916
2025-02-09 13:00:00,5462.140531326251,4800.422303069634
2025-02-09 14:00:00,5994.813850632407,5199.512472072515
2025-02-09 15:00:00,6830.699909947709,5637.6931592356395
2025-02-09 16:00:00,7735.883944563058,6733.052277714088
2025-02-09 17:00:00,8312.99362028718,7725.058847437737
2025-02-09 18:00:00,8460.240048791418,8711.812708338624
2025-02-09 19:00:00,8315.835698685325,8546.15853714348
2025-02-09 20:00:00,7992.340311069637,8202.47190952579
2025-02-09 21:00:00,7671.071836799054,8251.169327926698
2025-02-09 22:00:00,7335.762799532628,8366.557349607503
2025-02-09 23:00:00,6968.908447310016,8518.71385223687
2025-02-10 00:00:00,6613.069226810516,8205.240096630341
2025-02-10 01:00:00,6273.59825721497,7897.513841120332
2025-02-10 02:00:00,6094.899259213199,7958.026836407684
2025-02-10 03:00:00,6032.888219183475,8131.324836452203
2025-02-10 04:00:00,6119.360117110855,7939.013113757678
2025-02-10 05:00:00,6226.634117258256,7368.484601253758
2025-02-10 06:00:00,6157.885226166414,7033.96959788326
2025-02-10 07:00:00,5978.1309549748285,7392.636594230176
2025-02-10 08:00:00,5574.065556638965,7375.46379876997
2025-02-10 09:00:00,5215.3235767888455,6605.442903656001
2025-02-10 10:00:00,5053.843934260204,6297.066654600705
2025-02-10 11:00:00,5046.611596888059,5398.3799550209105
2025-02-10 12:00:00,5204.614633535264,5131.828766062177
2025-02-10 13:00:00,5456.851998753471,4932.589204009684
2025-02-10 14:00:00,5989.009575159267,5332.293884668392
2025-02-10 15:00:00,6824.08631610818,6130.395213281581
2025-02-10 16:00:00,7728.393936939601,7464.110177130288
2025-02-10 17:00:00,8304.94484576627,8214.164573907625
2025-02-10 18:00:00,8452.048707903181,8722.9789800158
2025-02-10 19:00:00,8307.78417241826,8740.972070706133
2025-02-10 20:00:00,7984.601998255197,8831.38798456264
2025-02-10 21:00:00,7663.644581303815,9235.355388043947
2025-02-10 22:00:00,7328.660195656175,9569.894898965138
2025-02-10 23:00:00,6962.16103773515,9335.808102801984
2025-02-11 00:00:00,6606.666346509017,8752.293079693043
2025-02-11 01:00:00,6267.524058182273,8112.159376111083
2025-02-11 02:00:00,6088.998079432979,8028.479450127302
2025-02-11 03:00:00,6027.047079492519,8421.836642564253
2025-02-11 04:00:00,6113.4352539334395,8700.387646927245
2025-02-11 05:00:00,6220.605389663451,8336.782152302603
2025-02-11 06:00:00,6151.923062356962,7621.328029434671
2025-02-11 07:00:00,5972.342832150378,6726.239180302229
2025-02-11 08:00:00,5568.668656451204,5571.468363523058
2025-02-11 09:00:00,5210.274016372878,4959.0670016304575
2025-02-11 10:00:00,5048.950721038977,4991.212389700148
2025-02-11 11:00:00,5041.725386132539,4341.528699118287
2025-02-11 12:00:00,5199.5754416908985,4325.915122793969
2025-02-11 13:00:00,5451.568586623234,4239.046474584628
2025-02-11 14:00:00,5983.2109194792665,5173.2719911767335
2025-02-11 15:00:00,6817.479125656888,6265.874614855915
2025-02-11 16:00:00,7720.911181262343,7750.230708826123
2025-02-11 17:00:00,8296.903864198684,8510.052786270087
2025-02-11 18:00:00,8443.865298003328,8798.442803571059
2025-02-11 19:00:00,8299.740441768809,8444.504209578163
2025-02-11 20:00:00,7976.8711778000525,8290.48798675543
2025-02-11 21:00:00,7656.224516997159,8195.794114385873
2025-02-11 22:00:00,7321.5644686353735,8784.304421320157
2025-02-11 23:00:00,6955.420161111085,8795.236097567667
2025-02-12 00:00:00,6600.269665579519,8382.881650430993
2025-02-12 01:00:00,6261.455740287071,7858.684585620614
2025-02-12 02:00:00,6083.1026132702245,7861.115990596177
2025-02-12 03:00:00,6021.211595287246,7846.978809856955
2025-02-12 04:00:00,6107.516127304138,8631.329385051773
2025-02-12 05:00:00,6214.582499179963,9176.49180240945
2025-02-12 06:00:00,6145.966671210693,8987.67114361406
2025-02-12 07:00:00,5966.560313479822,8261.943555640559
2025-02-12 08:00:00,5563.2769816292675,7429.602131751447
2025-02-12 09:00:00,5205.229345022764,6504.623222553333
2025-02-12 10:00:00,5044.062245505729,6239.402619665057
2025-02-12 11:00:00,5036.843906285101,5948.119060907041
2025-02-12 12:00:00,5194.541128873374,6196.654108859098
2025-02-12 13:00:00,5446.290289977858,6452.960649994456
2025-02-12 14:00:00,5977.417878151242,6914.272657819282
2025-02-12 15:00:00,6810.878332393976,7481.408950334082
2025-02-12 16:00:00,7713.43567050984,8113.763452473325
2025-02-12 17:00:00,8288.870668039164,8360.260259738103
2025-02-12 18:00:00,8435.689811412945,8225.400871631713
2025-02-12 19:00:00,8291.704499189123,7642.538791148437
2025-02-12 20:00:00,7969.147842449977,6977.317797394766
2025-02-12 21:00:00,7648.811636916456,6070.64025984293
2025-02-12 22:00:00,7314.4756118119285,6092.716309860296
2025-02-12 23:00:00,6948.685811112497,5868.413820264936
2025-02-13 00:00:00,6593.879178019673,5515.9901781744275
2025-02-13 01:00:00,6255.393297835137,5489.29137019594
2025-02-13 02:00:00,6077.212855192904,5358.312576354532
2025-02-13 03:00:00,6015.3817610919095,5356.82709651363
2025-02-13 04:00:00,6101.602731668716,5881.603561783076
2025-02-13 05:00:00,6208.565440156192,6334.221285860929
2025-02-13 06:00:00,6140.016047138412,5857.97182646353
2025-02-13 07:00:00,5960.78339353712,5659.197350935927
2025-02-13 08:00:00,5557.8905271138665,5583.869857317061
2025-02-13 09:00:00,5200.189558004828,5545.658207189996
2025-02-13 10:00:00,5039.178503073348,5917.260111201504
2025-02-13 11:00:00,5031.9671527651935,5801.662118179613
2025-02-13 12:00:00,5189.511690358728,5405.165494588376
2025-02-13 13:00:00,5441.01710386444,5174.479091714762
2025-02-13 14:00:00,5971.630445739282,5405.457353382877
2025-02-13 15:00:00,6804.283930125582,6227.258771537978
2025-02-13 16:00:00,7705.967397667439,7360.438691585342
2025-02-13 17:00:00,8280.845249749755,8407.747701976079
2025-02-13 18:00:00,8427.522240460567,9204.95505994316
2025-02-13 19:00:00,8283.67633713868,9672.95586696588
2025-02-13 20:00:00,7961.431984957781,10093.826516061034
2025-02-13 21:00:00,7641.405934105832,9386.564173959423
2025-02-13 22:00:00,7307.393618534019,9230.655298733993
2025-02-13 23:00:00,6941.957981420217,9085.786005730188
2025-02-14 00:00:00,6587.494877832974,8307.630356035015
2025-02-14 01:00:00,6249.336725137781,7457.666045805775
2025-02-14 02:00:00,6071.328799674362,6659.638841419385
2025-02-14 03:00:00,6009.557571436082,6680.109026871942
2025-02-14 04:00:00,6095.69506147834,6662.2869988542825
2025-02-14 05:00:00,6202.554206946034,6624.968692440859
2025-02-14 06:00:00,6134.071184556353,5816.051695211311
2025-02-14 07:00:00,5955.012066901498,4805.332519884588
2025-02-14 08:00:00,5552.50928785062,4482.163526838318
2025-02-14 09:00:00,5195.154650589982,4161.43914595988
2025-02-14 10:00:00,5034.2994891591725,4637.338411549389
2025-02-14 11:00:00,5027.0951209967125,4531.425002298801
2025-02-14 12:00:00,5184.487121427581,4744.21215754935
2025-02-14 13:00:00,5435.749023334878,5363.059217055758
2025-02-14 14:00:00,5965.848616812738,6143.7495447396905
2025-02-14 15:00:00,6797.695912663838,6749.181183558214
2025-02-14 16:00:00,7698.506355727276,7551.864848335784
2025-02-14 17:00:00,8272.827601799792,7762.498037723585
2025-02-14 18:00:00,8419.362577482136,8268.438147816569
2025-02-14 19:00:00,8275.655948084237,8144.145806389929
2025-02-14 20:00:00,7953.723598083272,8143.338908858803
2025-02-14 21:00:00,7634.007401616126,7635.803154295128
2025-02-14 22:00:00,7300.318482156234,7821.458823829541
2025-02-14 23:00:00,6935.236665721164,7841.646163968967
2025-02-15 00:00:00,6581.116759028695,7865.212640095016
2025-02-15 01:00:00,6243.2860165118045,7215.027169903065
2025-02-15 02:00:00,6065.450441193283,6375.4634717902
2025-02-15 03:00:00,6003.739020854624,6123.237622039183
2025-02-15 04:00:00,6089.793111189533,6399.864836663927
2025-02-15 05:00:00,6196.548793908832,6543.188915038591
2025-02-15 06:00:00,6128.1320778861345,6062.8344103705385
2025-02-15 07:00:00,5949.246328157415,4790.802521116697
2025-02-15 08:00:00,5547.133258790029,4229.941987174274
2025-02-15 09:00:00,5190.12461805371,3918.1230833175046
2025-02-15 10:00:00,5029.425199184969,4255.197894595176
2025-02-15 11:00:00,5022.227806407978,3859.364212242408
2025-02-15 12:00:00,5179.467417365124,3615.013179138765
2025-02-15 13:00:00,5430.486043445863,3288.696670373617
2025-02-15 14:00:00,5960.072385946229,4075.584958747495
2025-02-15 15:00:00,6791.114273826874,5437.34738209512
2025-02-15 16:00:00,7691.052537688276,7032.413367345535
2025-02-15 17:00:00,8264.817716665912,7913.744164182489
2025-02-15 18:00:00,8411.210814821028,8474.071410983617
2025-02-15 19:00:00,8267.643324499859,8604.57763888954
2025-02-15 20:00:00,7946.022674593287,8691.92996696794
2025-02-15 21:00:00,7626.616032504933,8632.133131474346
2025-02-15 22:00:00,7293.250196039631,9000.160046209541
2025-02-15 23:00:00,6928.521857708405,8602.891978297846
2025-02-16 00:00:00,6574.74481562194,8009.658558081101
2025-02-16 01:00:00,6237.241166279536,7252.569457885998
2025-02-16 02:00:00,6059.577774233721,6560.444096474708
2025-02-16 03:00:00,5997.926103887707,6267.271005073584
2025-02-16 04:00:00,6083.896875264205,6345.526606423165
2025-02-16 05:00:00,6190.549195409406,6753.150619551475
2025-02-16 06:00:00,6122.198721554798,6410.979556049493
2025-02-16 07:00:00,5943.486171894591,5681.977627389539
2025-02-16 08:00:00,5541.762434887494,5226.741541866417
2025-02-16 09:00:00,5185.099455676079,5121.3983527109685
2025-02-16 10:00:00,5024.555628576944,5829.056612877633
2025-02-16 11:00:00,5017.365204431742,5667.164647322364
2025-02-16 12:00:00,5174.452573461111,5560.551492740264
2025-02-16 13:00:00,5425.2281592588715,5774.544016084896
2025-02-16 14:00:00,5954.301747719617,6707.792971920729
2025-02-16 15:00:00,6784.539007438798,7833.150065523495
2025-02-16 16:00:00,7683.605936556138,8903.706074121406
2025-02-16 17:00:00,8256.815586832025,9708.132857542512
2025-02-16 18:00:00,8403.066944828024,10056.927071258342
2025-02-16 19:00:00,8259.638458866883,10011.692076146148
2025-02-16 20:00:00,7938.329207261642,10183.06441475192
2025-02-16 21:00:00,7619.231819836539,9792.850051708183
2025-02-16 22:00:00,7286.188753551662,9691.595440650133
2025-02-16 23:00:00,6921.813551081078,9841.817265746322
2025-02-17 00:00:00,6568.379041633574,9841.959274208211
2025-02-17 01:00:00,6231.2021687687675,9791.544935266653
2025-02-17 02:00:00,6053.710793285038,9422.533075788979
2025-02-17 03:00:00,5992.118815080763,9113.224626965406
2025-02-17 04:00:00,6078.0063481696125,8958.896881431669
2025-02-17 05:00:00,6184.55540581803,8863.87717792852
2025-02-17 06:00:00,6116.2711099947755,7652.177886301806
2025-02-17 07:00:00,5937.73159270798,6546.024434419612
2025-02-17 08:00:00,5536.396811103299,5606.794519608786
2025-02-17 09:00:00,5180.079158741722,5317.179039065229
2025-02-17 10:00:00,5019.690772765733,5611.694041355799
2025-02-17 11:00:00,5012.507310505177,5400.586753601928
2025-02-17 12:00:00,5169.442585009859,5093.194222911881
2025-02-17 13:00:00,5419.975365840163,5021.264253167362
2025-02-17 14:00:00,5948.53669671802,4753.1540704984
2025-02-17 15:00:00,6777.9701073297,5122.287974370506
2025-02-17 16:00:00,7676.16654534333,5741.34932248589
2025-02-17 17:00:00,8248.821204789316,6705.470590273515
2025-02-17 18:00:00,8394.930959861307,6510.626548089986
2025-02-17 19:00:00,8251.641343673931,6114.374596637363
2025-02-17 20:00:00,7930.643188869167,5991.856558292963
2025-02-17 21:00:00,7611.854756681962,6112.674258265159
2025-02-17 22:00:00,7279.134148066212,6361.179265783461
2025-02-17 23:00:00,6915.111739544435,6478.283785903651
2025-02-18 00:00:00,6562.019431090266,6590.9499356931865
2025-02-18 01:00:00,6225.169018312799,6403.395772787879
2025-02-18 02:00:00,6047.849492841944,6124.401262923242
2025-02-18 03:00:00,5986.317148984515,5990.877385671278
2025-02-18 04:00:00,6072.12152437837,6057.949982990231
2025-02-18 05:00:00,6178.567419510418,6014.092124588564
2025-02-18 06:00:00,6110.349237643883,5334.919575052051
2025-02-18 07:00:00,5931.982585197764,4611.321591504968
2025-02-18 08:00:00,5531.036382402604,4673.0714688002945
2025-02-18 09:00:00,5175.063722539839,4656.448083139216
2025-02-18 10:00:00,5014.830627186393,4748.870332765198
2025-02-18 11:00:00,5007.654120069877,4756.615715166903
2025-02-18 12:00:00,5164.437447310245,4765.81547272697
2025-02-18 13:00:00,5414.727658260781,4954.5154323419665
2025-02-18 14:00:00,5942.777227531805,5446.410146971994
2025-02-18 15:00:00,6771.407567335655,6237.471826466849
2025-02-18 16:00:00,7668.734357069102,7306.15953392964
2025-02-18 17:00:00,8240.834563036262,8113.770781670169
2025-02-18 18:00:00,8386.80285228648,8497.204930016162
2025-02-18 19:00:00,8243.651971416915,8330.614552092062
2025-02-18 20:00:00,7922.964612203686,7696.518271940753
2025-02-18 21:00:00,7604.484836118933,7044.268039899826
2025-02-18 22:00:00,7272.0863729635985,6874.7927546087885
2025-02-18 23:00:00,6908.416416809838,7036.866505081623
2025-02-19 00:00:00,6555.665978024481,7419.185331943814
2025-02-19 01:00:00,6219.1417092504325,7564.883016406687
2025-02-19 02:00:00,6041.993867404496,7874.850470827768
2025-02-19 03:00:00,5980.521100154974,8156.027078007342
2025-02-19 04:00:00,6066.242398368453,8086.320004101887
2025-02-19 05:00:00,6172.585230867742,7942.0067120045205
2025-02-19 06:00:00,6104.433098945323,6992.041430570515
2025-02-19 07:00:00,5926.239143969355,6060.36857036534
2025-02-19 08:00:00,5525.681143755444,5528.645785119411
2025-02-19 09:00:00,5170.053142364187,4888.411986840316
2025-02-19 10:00:00,5009.975187278398,5171.041429379637
2025-02-19 11:00:00,5002.805628571838,4739.5281739831735
2025-02-19 12:00:00,5159.437155665685,4419.039510899693
2025-02-19 13:00:00,5409.485031596523,4005.261469168253
2025-02-19 14:00:00,5937.023334756557,4554.704892754689
2025-02-19 15:00:00,6764.851381298688,5815.273626132591
2025-02-19 16:00:00,7661.309364759443,7438.632291223372
2025-02-19 17:00:00,8232.85565407858,8347.072312849577
2025-02-19 18:00:00,8378.682614476518,8687.11343299004
2025-02-19 19:00:00,8235.670334598994,9050.537560249266
2025-02-19 20:00:00,7915.293470059994,9190.264107848385
2025-02-19 21:00:00,7597.122051231878,9168.967843044176
2025-02-19 22:00:00,7265.045421630524,8850.765683129648
2025-02-19 23:00:00,6901.727576594709,8643.529157470899
2025-02-20 00:00:00,6549.318676474436,7898.026518978679
2025-02-20 01:00:00,6213.120235925921,6880.561270267909
2025-02-20 02:00:00,6036.143911478048,5885.477231915065
2025-02-20 03:00:00,5974.7306631534,5982.84367496634
2025-02-20 04:00:00,6060.368964623169,6707.718664964618
2025-02-20 05:00:00,6166.608834276605,7308.655385727191
2025-02-20 06:00:00,6098.522688347683,6898.472840745032
2025-02-20 07:00:00,5920.50126363339,6203.505181440991
2025-02-20 08:00:00,5520.331090136731,5472.892071568824
2025-02-20 09:00:00,5165.047413513092,4689.9370693372875
2025-02-20 10:00:00,5005.124448485651,4788.696383040672
2025-02-20 11:00:00,4997.961831461484,4884.179194417258
2025-02-20 12:00:00,5154.441705384161,5329.673173721364
2025-02-20 13:00:00,5404.247480927976,5787.038174821904
2025-02-20 14:00:00,5931.275012993117,6629.941515309406
2025-02-20 15:00:00,6758.301543066809,7402.790636514136
2025-02-20 16:00:00,7653.891561447125,8294.10435028534
2025-02-20 17:00:00,8224.884470429271,8900.555143813594
2025-02-20 18:00:00,8370.570238811804,9046.072021154201
2025-02-20 19:00:00,8227.696425730603,8851.869451323073
2025-02-20 20:00:00,7907.629755239879,8488.60735436984
2025-02-20 21:00:00,7589.766395111925,8688.616736871398
2025-02-20 22:00:00,7258.011287460113,9190.950630574851
2025-02-20 23:00:00,6895.0452126225755,9549.369155037779
2025-02-21 00:00:00,6542.977520484143,9173.72686517107
2025-02-21 01:00:00,6207.104592689019,8696.69675008739
2025-02-21 02:00:00,6030.299619573299,7712.228587810358
2025-02-21 03:00:00,5968.945832546343,7305.260505209835
2025-02-21 04:00:00,6054.5012176311875,7393.161700214523
2025-02-21 05:00:00,6160.638224129058,7050.88544430368
2025-02-21 06:00:00,6092.618000304927,6172.56124044581
2025-02-21 07:00:00,5914.768938805726,5296.602416838001
2025-02-21 08:00:00,5514.986216526235,4526.540842218087
2025-02-21 09:00:00,5160.046531289421,4285.129790037785
2025-02-21 10:00:00,5000.278406256453,4517.242149831436
2025-02-21 11:00:00,4993.12272419363,4432.103476038643
2025-02-21 12:00:00,5149.451091778183,4636.650322851934
2025-02-21 13:00:00,5399.015001340474,4668.302722027112
2025-02-21 14:00:00,5925.532256847535,5411.795226825734
2025-02-21 15:00:00,6751.758046493961,5735.200610377188
2025-02-21 16:00:00,7646.4809401716275,6420.192559350951
2025-02-21 17:00:00,8216.921004608552,7266.452350738979
2025-02-21 18:00:00,8362.465717680065,7364.344070902233
2025-02-21 19:00:00,8219.7302373294,7109.408022938437
2025-02-21 20:00:00,7899.973460552074,6493.473398882877
2025-02-21 21:00:00,7582.41786085688,6177.649376670778
2025-02-21 22:00:00,7250.98396385187,6423.588876429795
2025-02-21 23:00:00,6888.36931862303,6909.590337780349
2025-02-22 00:00:00,6536.6425041033635,7503.943755883088
2025-02-22 01:00:00,6201.094773894933,7581.716589685594
2025-02-22 02:00:00,6024.460986206243,7334.722761499837
2025-02-22 03:00:00,5963.166602905592,7196.383273400792
2025-02-22 04:00:00,6048.639151886495,7171.164744306489
2025-02-22 05:00:00,6154.673394822568,6601.834321456167
2025-02-22 06:00:00,6086.719029276386,5727.9297399163215
2025-02-22 07:00:00,5909.042164107432,5013.323376136627
2025-02-22 08:00:00,5509.646517908588,5043.664851671583
2025-02-22 09:00:00,5155.050491000589,4923.847778269668
2025-02-22 10:00:00,4995.4370560435145,5421.703956710296
2025-02-22 11:00:00,4988.288302227495,5529.772226890729
2025-02-22 12:00:00,5144.465310164804,6092.870640436508
2025-02-22 13:00:00,5393.787587924115,6451.952178532277
2025-02-22 14:00:00,5919.79506093109,7311.471642330587
2025-02-22 15:00:00,6745.220885440049,8512.707330448173
2025-02-22 16:00:00,7639.07749397919,9695.443436118894
2025-02-22 17:00:00,8208.965249143901,10975.118773123651
2025-02-22 18:00:00,8354.369043476423,11202.95317335048
2025-02-22 19:00:00,8211.771761920316,10482.99393554257
2025-02-22 20:00:00,7892.324578812294,9360.502105150772
2025-02-22 21:00:00,7575.076441571246,8617.461372882153
2025-02-22 22:00:00,7243.963444211706,8167.298691006224
2025-02-22 23:00:00,6881.69988833175,7617.567870628495
2025-02-23 00:00:00,6530.313621387642,7290.229775658016
2025-02-23 01:00:00,6195.090773904353,7140.038185373116
2025-02-23 02:00:00,6018.628005898201,7240.010040269752
2025-02-23 03:00:00,5957.392968808207,7568.2393619950135
2025-02-23 04:00:00,6042.782761888418,7369.975373799172
2025-02-23 05:00:00,6148.714340760032,6772.916161979049
2025-02-23 06:00:00,6080.825769726753,5974.2410797555885
2025-02-23 07:00:00,5903.32093416478,5204.306526794092
2025-02-23 08:00:00,5504.3119892732775,4533.724427959538
2025-02-23 09:00:00,5150.059287958554,4246.857842136728
2025-02-23 10:00:00,4990.600393303945,4873.635968078581
2025-02-23 11:00:00,4983.458561026688,5774.417567607577
2025-02-23 12:00:00,5139.484355865606,6461.932394283797
2025-02-23 13:00:00,5388.565235773747,7017.14551666025
2025-02-23 14:00:00,5914.0634198602775,7689.631040495958
2025-02-23 15:00:00,6738.690053770919,8885.949860773204
2025-02-23 16:00:00,7631.681215922783,9371.889571595471
2025-02-23 17:00:00,8201.017196570026,10207.697565176239
2025-02-23 18:00:00,8346.280208603353,10517.230261294933
2025-02-23 19:00:00,8203.820992035498,9795.22704698686
2025-02-23 20:00:00,7884.683102843197,9346.84739237425
2025-02-23 21:00:00,7567.742130366187,8781.662271975996
2025-02-23 22:00:00,7236.949721951908,8856.63490302556
2025-02-23 23:00:00,6875.036915490467,9255.524639499068
2025-02-24 00:00:00,6523.990866398264,9700.618787214147
2025-02-24 01:00:00,6189.092587083422,9160.767029221304
2025-02-24 02:00:00,6012.80067317579,8489.54429115783
2025-02-24 03:00:00,5951.624924836494,8736.14249188176
2025-02-24 04:00:00,6036.932042141611,9236.728692548419
2025-02-24 05:00:00,6142.761056349769,9547.748716091659
2025-02-24 06:00:00,6074.938216126084,9380.01829010087
2025-02-24 07:00:00,5897.605243609252,8376.978622982931
2025-02-24 08:00:00,5498.982625614646,7047.765138535375
2025-02-24 09:00:00,5145.072917479819,6157.432424196787
2025-02-24 10:00:00,4985.768413499261,5973.046897628592
2025-02-24 11:00:00,4978.633496059221,5685.375562483977
2025-02-24 12:00:00,5134.508224206709,5622.281193345338
2025-02-24 13:00:00,5383.347939988975,5870.595260949244
2025-02-24 14:00:00,5908.337328256808,6449.701597444966
2025-02-24 15:00:00,6732.165545358363,7429.939129305315
2025-02-24 16:00:00,7624.2920990621005,7828.351505591896
2025-02-24 17:00:00,8193.076839428864,8605.575113590963
2025-02-24 18:00:00,8338.199205470692,8705.426701364902
2025-02-24 19:00:00,8195.877920214341,8077.153290120209
2025-02-24 20:00:00,7877.049025474401,7663.239240073032
2025-02-24 21:00:00,7560.41492035955,7632.157630845226
2025-02-24 22:00:00,7229.9427904911445,7712.92761291044
2025-02-24 23:00:00,6868.380393846973,7994.259581631874
2025-02-25 00:00:00,6517.674233202261,8474.140625551569
2025-02-25 01:00:00,6183.100207803729,8484.532415590127
2025-02-25 02:00:00,6006.978982570923,8348.693845707385
2025-02-25 03:00:00,5945.862465578,8405.64727743214
2025-02-25 04:00:00,6031.086987156044,8239.184397699033
2025-02-25 05:00:00,6136.813536005508,8099.96110417356
2025-02-25 06:00:00,6069.056362949784,7931.227601473
2025-02-25 07:00:00,5891.895087077521,7621.4427584114865
2025-02-25 08:00:00,5493.658421931879,7062.046027664707
2025-02-25 09:00:00,5140.091374885422,6168.358710720698
2025-02-25 10:00:00,4980.9411120953755,5490.267346997477
2025-02-25 11:00:00,4973.813102797496,4249.602412216988
2025-02-25 12:00:00,5129.536910518761,3201.653473057677
2025-02-25 13:00:00,5378.135695674147,2992.6005756718587
2025-02-25 14:00:00,5902.616780747602,3475.758771394422
2025-02-25 15:00:00,6725.647354080101,4616.67541324513
2025-02-25 16:00:00,7616.910136463558,5918.498460397318
2025-02-25 17:00:00,8185.144170269575,7005.248778134872
2025-02-25 18:00:00,8330.126026495618,7932.3883822959015
2025-02-25 19:00:00,8187.94253900345,8374.26260355214
2025-02-25 20:00:00,7869.422339542458,8730.064561650024
2025-02-25 21:00:00,7553.094804675837,9180.78815816914
2025-02-25 22:00:00,7222.942643254451,9694.159152675596
2025-02-25 23:00:00,6861.730317155109,9909.780936018067
2025-02-26 00:00:00,6511.363715872411,10392.557255621192
2025-02-26 01:00:00,6177.113630442318,10335.683531396873
2025-02-26 02:00:00,6001.162928620809,9843.319217351425
2025-02-26 03:00:00,5940.105585625513,9909.33794816047
2025-02-26 04:00:00,6025.247591446999,10110.620972260236
2025-02-26 05:00:00,6130.871774146381,10458.912282284191
2025-02-26 06:00:00,6063.180204678606,10089.739521890839
2025-02-26 07:00:00,5886.190459211449,9395.455945501024
2025-02-26 08:00:00,5488.339373228998,8765.354294081686
2025-02-26 09:00:00,5135.114655500918,8182.314152139051
2025-02-26 10:00:00,4976.118484562574,7694.383161319303
2025-02-26 11:00:00,4968.99737671828,7186.598187814249
2025-02-26 12:00:00,5124.570410136914,7292.902971588031
2025-02-26 13:00:00,5372.928497938343,7192.165368159841
2025-02-26 14:00:00,5896.9017719647745,7702.220078771887
2025-02-26 15:00:00,6719.135473819784,8597.711638438279
2025-02-26 16:00:00,7609.535321200288,9195.556899623323
2025-02-26 17:00:00,8177.219181648533,9633.642172968313
2025-02-26 18:00:00,8322.060664102659,10459.830566520948
2025-02-26 19:00:00,8180.014840956655,10467.089076446617
2025-02-26 20:00:00,7861.803037890862,10681.054369024421
2025-02-26 21:00:00,7545.78177644621,10756.504711045767
2025-02-26 22:00:00,7215.94927367323,11240.03942132882
2025-02-26 23:00:00,6855.0866791747685,11202.877769614804
2025-02-27 00:00:00,6505.059308487229,10887.731173462143
2025-02-27 01:00:00,6171.132849381671,9738.782611272016
2025-02-27 02:00:00,5995.352505867942,9029.746050690203
2025-02-27 03:00:00,5934.354279577057,8661.2972322947
2025-02-27 04:00:00,6019.413849535073,8586.815566269077
2025-02-27 05:00:00,6124.93576519693,8670.826686285936
2025-02-27 06:00:00,6057.3097357986535,8470.291242550069
2025-02-27 07:00:00,5880.491354658096,8010.232974322391
2025-02-27 08:00:00,5483.025474514869,7428.430801885024
2025-02-27 09:00:00,5130.142754656397,6874.666652300799
2025-02-27 10:00:00,4971.3005263755385,6835.625560631519
2025-02-27 11:00:00,4964.186313302733,6888.334781399002
2025-02-27 12:00:00,5119.608718400848,7168.474898437242
2025-02-27 13:00:00,5367.726341895382,7521.559201935696
2025-02-27 14:00:00,5891.192296545638,8134.8474355682165
2025-02-27 15:00:00,6712.6298984669775,9548.409554099218
2025-02-27 16:00:00,7602.167646352118,10421.707290284989
2025-02-27 17:00:00,8169.301866129311,10311.488111670187
2025-02-27 18:00:00,8314.003110723674,10425.454679603601
2025-02-27 19:00:00,8172.094818634996,10123.75643346213
2025-02-27 20:00:00,7854.191113370039,9550.154934704959
2025-02-27 21:00:00,7538.47582880849,8650.612056362897
2025-02-27 22:00:00,7208.962675185256,8525.579859168609
2025-02-27 23:00:00,6848.449473671898,8853.340852102072
2025-02-28 00:00:00,6498.761005130984,9100.584460392727
2025-02-28 01:00:00,6165.157859009732,8900.802097241647
2025-02-28 02:00:00,5989.547708860123,8536.296929621947
2025-02-28 03:00:00,5928.608542035899,8788.70770072419
2025-02-28 04:00:00,6013.585755946175,9552.106562794052
2025-02-28 05:00:00,6119.005503587101,9376.94305220322
2025-02-28 06:00:00,6051.444950801368,8203.62309039199
2025-02-28 07:00:00,5874.797768069706,7342.574717362484
2025-02-28 08:00:00,5477.716720803197,6408.35877996479
2025-02-28 09:00:00,5125.17566768648,5740.022806089017
2025-02-28 10:00:00,4966.487233013344,5757.34033342611
2025-02-28 11:00:00,4959.379908036396,5353.002488294754
2025-02-28 12:00:00,5114.651830654762,4863.303122474835
2025-02-28 13:00:00,5362.529222663819,4869.409343622853
2025-02-28 14:00:00,5885.488349132702,5497.017700412338
2025-02-28 15:00:00,6706.130621917171,6436.899173262279
2025-02-28 16:00:00,7594.807105005584,7166.163345103263
2025-02-28 17:00:00,8161.3922162826875,7643.724749628321
2025-02-28 18:00:00,8305.95335879784,7878.546332713267
2025-02-28 19:00:00,8164.182464606697,7131.363912565055
2025-02-28 20:00:00,7846.5865588373135,6840.491614671148
2025-02-28 21:00:00,7531.176954907112,6136.099441284256
2025-02-28 22:00:00,7201.982841234625,6198.133488696907
2025-02-28 23:00:00,6841.818694418445,6124.783645867188
2025-03-01 00:00:00,6492.468799893633,6270.819285971318
2025-03-01 01:00:00,6159.1886537198425,6236.964391981177
2025-03-01 02:00:00,5983.748532150394,6383.923101112648
2025-03-01 03:00:00,5922.868367610504,7016.118184428568
2025-03-01 04:00:00,6007.763305211496,7365.347965897878
2025-03-01 05:00:00,6113.080983752219,7476.193455261083
2025-03-01 06:00:00,6045.585844183521,6744.08197353292
2025-03-01 07:00:00,5869.109694103694,5861.266329068037
2025-03-01 08:00:00,5472.413107112505,4703.859202448558
2025-03-01 09:00:00,5120.213389930292,3781.849483166656
2025-03-01 10:00:00,4961.678599959427,4233.267904794169
2025-03-01 11:00:00,4954.57815640917,4516.190403434717
2025-03-01 12:00:00,5109.699742247352,4939.530448480771
2025-03-01 13:00:00,5357.337135366932,5161.246963339897
2025-03-01 14:00:00,5879.789924373662,6118.00095742355
2025-03-01 15:00:00,6699.63763807176,7277.287152363434
2025-03-01 16:00:00,7587.453690253917,7877.450894948921
2025-03-01 17:00:00,8153.490224686639,8673.530439374656
2025-03-01 18:00:00,8297.911400771678,9149.864721149197
2025-03-01 19:00:00,8156.277771447212,8699.73984445955
2025-03-01 20:00:00,7838.989367156967,8638.086654384628
2025-03-01 21:00:00,7523.885147893196,8332.936563016763
2025-03-01 22:00:00,7195.009765271829,8345.46618297911
2025-03-01 23:00:00,6835.194335192436,8136.217432171606
2025-03-02 00:00:00,6486.182686870898,7784.128556099864
